name,url
DHARA DHEVI CAKE SHOP,https://www.wongnai.com/restaurants/dharadhevicakeshop-cm
Baan Piemsuk,https://www.wongnai.com/restaurants/cakebaanpiemsuk
Mooh Doughnuts,https://www.wongnai.com/restaurants/422068tD-mooh-doughnuts
Dongmadame,https://www.wongnai.com/restaurants/228981da-dongmadame
Asama Cafe,https://www.wongnai.com/restaurants/asamacafe
OB.B.b Cafe & Laundry,https://www.wongnai.com/restaurants/171979WT-ob-b-b-cafe-laundry
Pete Croissanterie,https://www.wongnai.com/restaurants/378307sU-pete-croissanterie
Fern Forest Cafe,https://www.wongnai.com/restaurants/24545cg-fern-forest-cafe
Saruda Finest Pastry,https://www.wongnai.com/restaurants/365335OC-saruda-finest-pastry
Chez Nous Artisan Baking Atelier(สันกำแพง),https://www.wongnai.com/restaurants/301075Ud-chez-nous-artisan-baking-atelier-%E0%B8%AA%E0%B8%B1%E0%B8%99%E0%B8%81%E0%B8%B3%E0%B9%81%E0%B8%9E%E0%B8%87-chiangmai
GROON,https://www.wongnai.com/restaurants/501989Gi-groon-%E0%B9%80%E0%B8%8A%E0%B8%B5%E0%B8%A2%E0%B8%87%E0%B9%83%E0%B8%AB%E0%B8%A1%E0%B9%88
Khagee,https://www.wongnai.com/restaurants/khagee
Yelloo,https://www.wongnai.com/restaurants/490243gb-yelloo-nimman
Forest Bake,https://www.wongnai.com/restaurants/248608dT-forest-bake
Cheevit Cheeva,https://www.wongnai.com/restaurants/cheevitcheeva
Claai Cafe'& Eatery คลายคาเฟ่ แอนด์ อีทเทอรี่,https://www.wongnai.com/restaurants/478951MA-claai-cafe-eatery-%E0%B8%84%E0%B8%A5%E0%B8%B2%E0%B8%A2%E0%B8%84%E0%B8%B2%E0%B9%80%E0%B8%9F%E0%B9%88-%E0%B9%81%E0%B8%AD%E0%B8%99%E0%B8%94%E0%B9%8C-%E0%B8%AD%E0%B8%B5%E0%B8%97%E0%B9%80%E0%B8%97%E0%B8%AD%E0%B8%A3%E0%B8%B5%E0%B9%88
Caramellow café,https://www.wongnai.com/restaurants/358476bn-caramellow-caf%C3%A9
Koff&things,https://www.wongnai.com/restaurants/1355451aT-koff-things
Memorize Brownie,https://www.wongnai.com/restaurants/332151mu-memorize-brownie-%E0%B8%99%E0%B8%B4%E0%B8%A1%E0%B8%A1%E0%B8%B2%E0%B8%99%E0%B9%80%E0%B8%AB%E0%B8%A1%E0%B8%B4%E0%B8%99%E0%B8%97%E0%B9%8C-%E0%B8%8B%E0%B8%AD%E0%B8%A2-12
Tomato House.cnx,https://www.wongnai.com/restaurants/1519058hn-tomato-house-cnx-%E0%B8%A3%E0%B8%A7%E0%B8%A1%E0%B9%82%E0%B8%8A%E0%B8%84
Charin Pie,https://www.wongnai.com/restaurants/15300Ga-charin-pie-%E0%B8%99%E0%B8%B4%E0%B8%A1%E0%B8%A1%E0%B8%B2%E0%B8%99%E0%B9%80%E0%B8%AB%E0%B8%A1%E0%B8%B4%E0%B8%99%E0%B8%97%E0%B8%A3%E0%B9%8C%E0%B8%8B%E0%B8%AD%E0%B8%A2-17
Pizza Plus,https://www.wongnai.com/restaurants/161157Cg-pizza-plus-%E0%B8%94%E0%B8%AD%E0%B8%A2%E0%B8%AA%E0%B8%B0%E0%B9%80%E0%B8%81%E0%B9%87%E0%B8%94
Bar Cha - Matcha and Bakery バーチャ,https://www.wongnai.com/restaurants/1550489mx-bar-cha-matcha-and-bakery-%E3%83%90%E3%83%BC%E3%83%81%E3%83%A3
CarrotCoffee,https://www.wongnai.com/restaurants/1282920sL-carrotcoffee
Fernpresso Cafe,https://www.wongnai.com/restaurants/257098ap-fernpresso-cafe-%E0%B9%83%E0%B8%81%E0%B8%A5%E0%B9%89%E0%B8%AA%E0%B8%99%E0%B8%B2%E0%B8%A1%E0%B8%9A%E0%B8%B4%E0%B8%99%E0%B9%80%E0%B8%8A%E0%B8%B5%E0%B8%A2%E0%B8%87%E0%B9%83%E0%B8%AB%E0%B8%A1%E0%B9%88
The Ironwood,https://www.wongnai.com/restaurants/265580uZ-the-ironwood
Natwat Home Cafe',https://www.wongnai.com/restaurants/16706vQ-natwat-home-cafe
"Rilak Cafe""",https://www.wongnai.com/restaurants/1082685jC-rilak-cafe
Tasty Herb,https://www.wongnai.com/restaurants/824783tw-tasty-herb
Blast Smoothies บลาสต์ สมูทตี้,https://www.wongnai.com/restaurants/1641015Hp-blast-smoothies-%E0%B8%9A%E0%B8%A5%E0%B8%B2%E0%B8%AA%E0%B8%95%E0%B9%8C-%E0%B8%AA%E0%B8%A1%E0%B8%B9%E0%B8%97%E0%B8%95%E0%B8%B5%E0%B9%89-nimman
จิบกาแฟ&แลธรรมฯ เครื่องสำรอง แดนเทวดา,https://www.wongnai.com/restaurants/639722fd-%E0%B8%88%E0%B8%B4%E0%B8%9A%E0%B8%81%E0%B8%B2%E0%B9%81%E0%B8%9F-%E0%B9%81%E0%B8%A5%E0%B8%98%E0%B8%A3%E0%B8%A3%E0%B8%A1%E0%B8%AF-%E0%B9%80%E0%B8%84%E0%B8%A3%E0%B8%B7%E0%B9%88%E0%B8%AD%E0%B8%87%E0%B8%AA%E0%B8%B3%E0%B8%A3%E0%B8%AD%E0%B8%87
Charm Bakery,https://www.wongnai.com/restaurants/586587JU-charm-bakery-hq
Once in a Blue Moon Cafe & Hostel,https://www.wongnai.com/restaurants/425269zh-once-in-a-blue-moon-cafe-hostel
8 days a week .,https://www.wongnai.com/restaurants/138297Jq-8-days-a-week
Krisp Cafe,https://www.wongnai.com/restaurants/732013jW-krisp-cafe-%E0%B9%80%E0%B8%8A%E0%B8%B5%E0%B8%A2%E0%B8%87%E0%B9%83%E0%B8%AB%E0%B8%A1%E0%B9%88
BOB Coffee-บ็อบ,https://www.wongnai.com/restaurants/1750055Kf-bob-coffee-%E0%B8%9A%E0%B9%87%E0%B8%AD%E0%B8%9A
A DAY IN CHIANG MAI COFFEE BREW,https://www.wongnai.com/restaurants/adayinchiangmaicoffee
1's Kitchen Journey,https://www.wongnai.com/restaurants/1148972Uq-1-s-kitchen-journey
WELLA DA CAFE',https://www.wongnai.com/restaurants/707976rG-wella-da-cafe-wella-da-cafe
แก้วกาแฟ,https://www.wongnai.com/restaurants/177814Zs-%E0%B9%81%E0%B8%81%E0%B9%89%E0%B8%A7%E0%B8%81%E0%B8%B2%E0%B9%81%E0%B8%9F
GRAPH,https://www.wongnai.com/restaurants/486988Va-graph-ground
The Barn : Eatery Design,https://www.wongnai.com/restaurants/144695xk-the-barn-eatery-design
Hannah • Hahn,https://www.wongnai.com/restaurants/2045072IE-hannah-hahn
Kan Vela Crafted Chocolate,https://www.wongnai.com/restaurants/676697on-kan-vela-crafted-chocolate
Chic 39,https://www.wongnai.com/restaurants/199845KL-chic-39
THE STORY 106,https://www.wongnai.com/restaurants/1499871ZE-the-story-106
Ging Grai - กิ่งไกร เชียงใหม่,https://www.wongnai.com/restaurants/994450io-ging-grai-%E0%B8%81%E0%B8%B4%E0%B9%88%E0%B8%87%E0%B9%84%E0%B8%81%E0%B8%A3-%E0%B9%80%E0%B8%8A%E0%B8%B5%E0%B8%A2%E0%B8%87%E0%B9%83%E0%B8%AB%E0%B8%A1%E0%B9%88
All About Coffee,https://www.wongnai.com/restaurants/687548WT-all-about-coffee-%E0%B9%80%E0%B8%8A%E0%B8%B5%E0%B8%A2%E0%B8%87%E0%B9%83%E0%B8%AB%E0%B8%A1%E0%B9%88
Sukhum Craft スクンクラフト,https://www.wongnai.com/restaurants/459432sU-sukhum-craft-%E3%82%B9%E3%82%AF%E3%83%B3%E3%82%AF%E3%83%A9%E3%83%95%E3%83%88-%E0%B8%AB%E0%B8%B2%E0%B8%87%E0%B8%94%E0%B8%87
พาสต้าอาม่า,https://www.wongnai.com/restaurants/2063150WJ-%E0%B8%9E%E0%B8%B2%E0%B8%AA%E0%B8%95%E0%B9%89%E0%B8%B2%E0%B8%AD%E0%B8%B2%E0%B8%A1%E0%B9%88%E0%B8%B2-%E0%B9%80%E0%B8%8A%E0%B8%B5%E0%B8%A2%E0%B8%87%E0%B9%83%E0%B8%AB%E0%B8%A1%E0%B9%88
Chez Nous in town,https://www.wongnai.com/restaurants/981935GU-chez-nous-in-town-morespace
Rosie.cnx,https://www.wongnai.com/restaurants/571778xX-rosie-cnx
The Volcano,https://www.wongnai.com/restaurants/130580lE-the-volcano-%E0%B8%AB%E0%B8%A5%E0%B8%B1%E0%B8%87-%E0%B8%A1%E0%B8%8A
ชมนกชมไม้,https://www.wongnai.com/restaurants/chom-nok-chom-mai
Gateway Coffee Roasters,https://www.wongnai.com/restaurants/310236AG-gateway-coffee-roasters
Anda Peka อันดาเภกา,https://www.wongnai.com/restaurants/602887GS-anda-peka-%E0%B8%AD%E0%B8%B1%E0%B8%99%E0%B8%94%E0%B8%B2%E0%B9%80%E0%B8%A0%E0%B8%81%E0%B8%B2-%E0%B8%AA%E0%B8%B1%E0%B8%99%E0%B8%9B%E0%B9%88%E0%B8%B2%E0%B8%95%E0%B8%AD%E0%B8%87-%E0%B8%9A%E0%B9%89%E0%B8%B2%E0%B8%99%E0%B8%81%E0%B8%A5%E0%B8%B2%E0%B8%87
Flips&Flips Home Made Donuts,https://www.wongnai.com/restaurants/flips-flips-home-made-donuts
Toastally U ขนมปังพรีเมียม プレミアムパンเนื้อนุ่มสไตล์ญี่ปุ่น,https://www.wongnai.com/restaurants/1553379cJ-toastally-u-%E0%B8%82%E0%B8%99%E0%B8%A1%E0%B8%9B%E0%B8%B1%E0%B8%87%E0%B8%9E%E0%B8%A3%E0%B8%B5%E0%B9%80%E0%B8%A1%E0%B8%B5%E0%B8%A2%E0%B8%A1-%E3%83%97%E3%83%AC%E3%83%9F%E3%82%A2%E3%83%A0%E3%83%91%E3%83%B3%E0%B9%80%E0%B8%99%E0%B8%B7%E0%B9%89%E0%B8%AD%E0%B8%99%E0%B8%B8%E0%B9%88%E0%B8%A1%E0%B8%AA%E0%B9%84%E0%B8%95%E0%B8%A5%E0%B9%8C%E0%B8%8D%E0%B8%B5%E0%B9%88%E0%B8%9B%E0%B8%B8%E0%B9%88%E0%B8%99-%E0%B8%88%E0%B8%A3%E0%B8%B4%E0%B8%87%E0%B9%83%E0%B8%88%E0%B8%A7%E0%B8%B4%E0%B8%A5%E0%B9%80%E0%B8%A5%E0%B8%88
Kafer house,https://www.wongnai.com/restaurants/203808Re-kafer-house
The House by Ginger,https://www.wongnai.com/restaurants/13472nM-the-house-by-ginger
Brewginning,https://www.wongnai.com/restaurants/429086aM-brewginning
บ้านพายจริณ BAAN PIE CHARIN Cafe & Bistro,https://www.wongnai.com/restaurants/391642Zj-%E0%B8%9A%E0%B9%89%E0%B8%B2%E0%B8%99%E0%B8%9E%E0%B8%B2%E0%B8%A2%E0%B8%88%E0%B8%A3%E0%B8%B4%E0%B8%93-baan-pie-charin-cafe-bistro-%E0%B8%9E%E0%B8%A3%E0%B8%B0%E0%B8%98%E0%B8%B2%E0%B8%95%E0%B8%B8%E0%B8%94%E0%B8%AD%E0%B8%A2%E0%B8%84%E0%B8%B3
EVERGREEN CAFE & HOTEL,https://www.wongnai.com/restaurants/539733ya-evergreen-cafe-hotel-suandok
เพาะรัก Poh RAK CAFE' 24 Hour,https://www.wongnai.com/restaurants/355620EJ-%E0%B9%80%E0%B8%9E%E0%B8%B2%E0%B8%B0%E0%B8%A3%E0%B8%B1%E0%B8%81-poh-rak-cafe-24-hour
Atlantis Valley,https://www.wongnai.com/restaurants/1413375oQ-atlantis-valley
Pakamon Factory,https://www.wongnai.com/restaurants/pakamon-factory
Grace the find bakery,https://www.wongnai.com/restaurants/406915Eh-grace-the-find-bakery
LykeandLia,https://www.wongnai.com/restaurants/1144290rQ-lykeandlia
TOAST IT,https://www.wongnai.com/restaurants/246018qB-toast-it
Carp Cafe',https://www.wongnai.com/restaurants/341711wu-carp-cafe
Ausaa,https://www.wongnai.com/restaurants/287625jz-ausaa
nuan cafe & bistro,https://www.wongnai.com/restaurants/336371VQ-nuan-cafe-bistro
Nana Bakery,https://www.wongnai.com/restaurants/322984oM-nana-bakery-89-%E0%B8%9E%E0%B8%A5%E0%B8%B2%E0%B8%8B%E0%B9%88%E0%B8%B2
กาแฟไปยาลใหญ่,https://www.wongnai.com/restaurants/35752Xm-%E0%B8%81%E0%B8%B2%E0%B9%81%E0%B8%9F%E0%B9%84%E0%B8%9B%E0%B8%A2%E0%B8%B2%E0%B8%A5%E0%B9%83%E0%B8%AB%E0%B8%8D%E0%B9%88
The Giant Chiang Mai Thailand,https://www.wongnai.com/restaurants/152078WR-the-giant-chiang-mai-thailand
GRAPH CAFE กลางเวียง-เมืองเก่า(คูเมืองชั้นใน),https://www.wongnai.com/restaurants/158588Dn-graph-cafe
Per La Mer Cafe,https://www.wongnai.com/restaurants/1375072nH-per-la-mer-cafe
Komegura,https://www.wongnai.com/restaurants/1354123so-komegura
ต้องตา & ตะวัน เบเกอรี่,https://www.wongnai.com/restaurants/35689Vv-%E0%B8%95%E0%B9%89%E0%B8%AD%E0%B8%87%E0%B8%95%E0%B8%B2-%E0%B8%95%E0%B8%B0%E0%B8%A7%E0%B8%B1%E0%B8%99-%E0%B9%80%E0%B8%9A%E0%B9%80%E0%B8%81%E0%B8%AD%E0%B8%A3%E0%B8%B5%E0%B9%88
Match.Match By (Matchapen),https://www.wongnai.com/restaurants/956913UN-match-match-by-matchapen-%E0%B8%99%E0%B8%B4%E0%B8%A1%E0%B8%A1%E0%B8%B2%E0%B8%99
L’opera French Bakery,https://www.wongnai.com/restaurants/185663Ns-l-opera-french-bakery
DoctorGen_Y BakeRoom,https://www.wongnai.com/restaurants/230699dM-doctorgen-y-bakeroom-ruamchok-mall
Myth Oven,https://www.wongnai.com/restaurants/1197978pp-myth-oven
Chiang Mai Rice Life,https://www.wongnai.com/restaurants/185928hD-chiang-mai-rice-life
Rich Coffee House,https://www.wongnai.com/restaurants/35629yT-rich-coffee-house
บ้านสวนกาแฟ,https://www.wongnai.com/restaurants/16925Mp-%E0%B8%9A%E0%B9%89%E0%B8%B2%E0%B8%99%E0%B8%AA%E0%B8%A7%E0%B8%99%E0%B8%81%E0%B8%B2%E0%B9%81%E0%B8%9F
PAPA'S GARDEN,https://www.wongnai.com/restaurants/190037wB-papa-s-garden-doisaket-chiangmai
OHU bakery,https://www.wongnai.com/restaurants/929759WB-ohu-bakery
Brightz กาแฟน่าน,https://www.wongnai.com/restaurants/812292sL-brightz-%E0%B8%81%E0%B8%B2%E0%B9%81%E0%B8%9F%E0%B8%99%E0%B9%88%E0%B8%B2%E0%B8%99
กาแฟสดสังคม คณะสังคมศาสตร์,https://www.wongnai.com/restaurants/139423Ra-%E0%B8%81%E0%B8%B2%E0%B9%81%E0%B8%9F%E0%B8%AA%E0%B8%94%E0%B8%AA%E0%B8%B1%E0%B8%87%E0%B8%84%E0%B8%A1-%E0%B8%84%E0%B8%93%E0%B8%B0%E0%B8%AA%E0%B8%B1%E0%B8%87%E0%B8%84%E0%B8%A1%E0%B8%A8%E0%B8%B2%E0%B8%AA%E0%B8%95%E0%B8%A3%E0%B9%8C-%E0%B8%84%E0%B8%93%E0%B8%B0%E0%B8%AA%E0%B8%B1%E0%B8%87%E0%B8%84%E0%B8%A1%E0%B8%A8%E0%B8%B2%E0%B8%AA%E0%B8%95%E0%B8%A3%E0%B9%8C
Sparkle Coff Bake,https://www.wongnai.com/restaurants/584077ms-sparkle-coff-bake-%E0%B8%97%E0%B9%88%E0%B8%B2%E0%B9%81%E0%B8%9E
Inbox Coffee Bar,https://www.wongnai.com/restaurants/131446PE-inbox-coffee-bar
Nine One Coffee,https://www.wongnai.com/restaurants/201564yH-nine-one-coffee
เค้กคุณจุ๊,https://www.wongnai.com/restaurants/56645lA-%E0%B9%80%E0%B8%84%E0%B9%89%E0%B8%81%E0%B8%84%E0%B8%B8%E0%B8%93%E0%B8%88%E0%B8%B8%E0%B9%8A
แดงเบเกอรี่,https://www.wongnai.com/restaurants/35676Ua-%E0%B9%81%E0%B8%94%E0%B8%87%E0%B9%80%E0%B8%9A%E0%B9%80%E0%B8%81%E0%B8%AD%E0%B8%A3%E0%B8%B5%E0%B9%88
Each Day Cafe',https://www.wongnai.com/restaurants/701835yt-each-day-cafe
Not Too Sweet Bakery Cafe,https://www.wongnai.com/restaurants/461838hY-not-too-sweet-bakery-cafe-chiang-mai
Flour Flour Loaf,https://www.wongnai.com/restaurants/344541pX-flour-flour-loaf-%E0%B8%94%E0%B8%B5%E0%B8%84%E0%B8%AD%E0%B8%99%E0%B9%82%E0%B8%94
BREW FACT,https://www.wongnai.com/restaurants/277875kc-brew-fact-%E0%B8%A8%E0%B8%B4%E0%B8%A3%E0%B8%B4%E0%B8%A1%E0%B8%B1%E0%B8%87%E0%B8%84%E0%B8%A5%E0%B8%B2%E0%B8%88%E0%B8%B2%E0%B8%A3%E0%B8%A2%E0%B9%8C-%E0%B8%8B%E0%B8%AD%E0%B8%A2-7
Chalatte Cafe,https://www.wongnai.com/restaurants/134842Sq-chalatte-cafe-chiangmai
Ray Coffee Bar & Hostel,https://www.wongnai.com/restaurants/534198UP-ray-coffee-bar-hostel
Soul Cafe',https://www.wongnai.com/restaurants/248355ip-soul-cafe-mju
GrainCafe.cnx,https://www.wongnai.com/restaurants/476635Pu-graincafe-cnx
มาดามไซร่า โฮมเมดเบเกอรี่,https://www.wongnai.com/restaurants/1265754BA-%E0%B8%A1%E0%B8%B2%E0%B8%94%E0%B8%B2%E0%B8%A1%E0%B9%84%E0%B8%8B%E0%B8%A3%E0%B9%88%E0%B8%B2-%E0%B9%82%E0%B8%AE%E0%B8%A1%E0%B9%80%E0%B8%A1%E0%B8%94%E0%B9%80%E0%B8%9A%E0%B9%80%E0%B8%81%E0%B8%AD%E0%B8%A3%E0%B8%B5%E0%B9%88-%E0%B9%80%E0%B8%A7%E0%B8%B5%E0%B8%A2%E0%B8%87%E0%B8%9E%E0%B8%B4%E0%B8%87%E0%B8%84%E0%B9%8C
grocery.,https://www.wongnai.com/restaurants/1606441xf-grocery
Fahtara Coffee,https://www.wongnai.com/restaurants/186772yS-fahtara-coffee
Savor.Society,https://www.wongnai.com/restaurants/627164Ia-savor-society
After You Dessert Café,https://www.wongnai.com/restaurants/336067Ay-after-you-dessert-caf%C3%A9-%E0%B9%80%E0%B8%8B%E0%B9%87%E0%B8%99%E0%B8%97%E0%B8%A3%E0%B8%B1%E0%B8%A5%E0%B9%80%E0%B8%9F%E0%B8%AA%E0%B8%95%E0%B8%B4%E0%B8%A7%E0%B8%B1%E0%B8%A5-%E0%B9%80%E0%B8%8A%E0%B8%B5%E0%B8%A2%E0%B8%87%E0%B9%83%E0%B8%AB%E0%B8%A1%E0%B9%88
Barneo Dessert Bar,https://www.wongnai.com/restaurants/217527Ia-barneo-dessert-bar
Copper Canyon Cafe & Restaurant,https://www.wongnai.com/restaurants/1300413wM-copper-canyon-cafe-restaurant
BiSCOTTI,https://www.wongnai.com/restaurants/132367vd-biscotti
Bowls&Breads,https://www.wongnai.com/restaurants/418936Dl-bowls-breads
POND Bakery & Tearoom,https://www.wongnai.com/restaurants/448310ep-pond-bakery-tearoom
ไออุ่น Cake & Café,https://www.wongnai.com/restaurants/372515qk-%E0%B9%84%E0%B8%AD%E0%B8%AD%E0%B8%B8%E0%B9%88%E0%B8%99-cake-caf%C3%A9
The Baristro At Somphet Market คูเมืองชั้นนอก,https://www.wongnai.com/restaurants/469495Xk-the-baristro-at-somphet-market
Merrybonbon,https://www.wongnai.com/restaurants/262453yq-merrybonbon
Under Over Cafe,https://www.wongnai.com/restaurants/404297id-under-over-cafe-under-over-cafe
Teddu Coffee,https://www.wongnai.com/restaurants/tedducoffee
Zombie Cafe' Maerim Chiangmai,https://www.wongnai.com/restaurants/260085eg-zombie-cafe-maerim-chiangmai
Into the Woods Cafe,https://www.wongnai.com/restaurants/131291Uq-into-the-woods-cafe
The Old Chiang Mai Café & Espresso Bar,https://www.wongnai.com/restaurants/163758Xg-the-old-chiang-mai-caf%C3%A9-espresso-bar
บ้านเลขที่สามสาม-No.33,https://www.wongnai.com/restaurants/367494gF-%E0%B8%9A%E0%B9%89%E0%B8%B2%E0%B8%99%E0%B9%80%E0%B8%A5%E0%B8%82%E0%B8%97%E0%B8%B5%E0%B9%88%E0%B8%AA%E0%B8%B2%E0%B8%A1%E0%B8%AA%E0%B8%B2%E0%B8%A1-no-33
Joint.s cafe,https://www.wongnai.com/restaurants/591726kt-joint-s-cafe
บ้านเบเกอรี่ โฮมเมด,https://www.wongnai.com/restaurants/35721hO-%E0%B8%9A%E0%B9%89%E0%B8%B2%E0%B8%99%E0%B9%80%E0%B8%9A%E0%B9%80%E0%B8%81%E0%B8%AD%E0%B8%A3%E0%B8%B5%E0%B9%88-%E0%B9%82%E0%B8%AE%E0%B8%A1%E0%B9%80%E0%B8%A1%E0%B8%94
FLAT cafe,https://www.wongnai.com/restaurants/481089xo-flat-cafe-%E0%B9%81%E0%B8%9F%E0%B8%A5%E0%B8%97-%E0%B8%84%E0%B8%B2%E0%B9%80%E0%B8%9F%E0%B9%88
thursdae,https://www.wongnai.com/restaurants/1453563Bd-thursdae
PotbellyB Burger,https://www.wongnai.com/restaurants/1810749BI-potbellyb-burger
Nana Jungle,https://www.wongnai.com/restaurants/173845CU-nana-jungle
Jo's,https://www.wongnai.com/restaurants/902673NB-jo-s-nimman
Beige.,https://www.wongnai.com/restaurants/1819535wI-beige
ร้านเครปโซนเหลือง,https://www.wongnai.com/restaurants/1409846pl-%E0%B8%A3%E0%B9%89%E0%B8%B2%E0%B8%99%E0%B9%80%E0%B8%84%E0%B8%A3%E0%B8%9B%E0%B9%82%E0%B8%8B%E0%B8%99%E0%B9%80%E0%B8%AB%E0%B8%A5%E0%B8%B7%E0%B8%AD%E0%B8%87-%E0%B8%81%E0%B8%B2%E0%B8%94%E0%B9%82%E0%B8%8B%E0%B8%99%E0%B9%80%E0%B8%AB%E0%B8%A5%E0%B8%B7%E0%B8%AD%E0%B8%87
TORA BAKE Chiang Mai,https://www.wongnai.com/restaurants/682892pH-tora-bake-chiang-mai
Sixth Sep Cafe and Farm,https://www.wongnai.com/restaurants/1905153cI-sixth-sep-cafe-and-farm
ขนมปังปิ้งป้าตุ้ม ม.พายัพ,https://www.wongnai.com/restaurants/139550cp-%E0%B8%82%E0%B8%99%E0%B8%A1%E0%B8%9B%E0%B8%B1%E0%B8%87%E0%B8%9B%E0%B8%B4%E0%B9%89%E0%B8%87%E0%B8%9B%E0%B9%89%E0%B8%B2%E0%B8%95%E0%B8%B8%E0%B9%89%E0%B8%A1-%E0%B8%A1-%E0%B8%9E%E0%B8%B2%E0%B8%A2%E0%B8%B1%E0%B8%9E
Cottontree Coffee Roasters,https://www.wongnai.com/restaurants/206154Zj-cottontree-coffee-roasters
Jungle De Cafe Hang Dong Baan Tawai By Tongna Cottage,https://www.wongnai.com/restaurants/450656nG-jungle-de-cafe-hang-dong-baan-tawai-by-tongna-cottage-%E0%B8%9A%E0%B9%89%E0%B8%B2%E0%B8%99%E0%B8%96%E0%B8%A7%E0%B8%B2%E0%B8%A2-%E0%B8%AB%E0%B8%B2%E0%B8%87%E0%B8%94%E0%B8%87
Bake Me Home,https://www.wongnai.com/restaurants/625052VN-bake-me-home-%E0%B9%83%E0%B8%9A%E0%B8%8A%E0%B8%B2%E0%B8%81%E0%B8%B2%E0%B9%81%E0%B8%9F
1988 Café,https://www.wongnai.com/restaurants/1041826da-1988-caf%C3%A9-1988-caf%C3%A9
Dominic Bread,https://www.wongnai.com/restaurants/267951RD-dominic-bread
Summery,https://www.wongnai.com/restaurants/1677966Uu-summery
J.Tu Coffee and Cafe,https://www.wongnai.com/restaurants/127149Cg-j-tu-coffee-and-cafe-%E0%B8%AB%E0%B8%99%E0%B9%89%E0%B8%B2%E0%B9%82%E0%B8%A3%E0%B8%87%E0%B9%80%E0%B8%A3%E0%B8%B5%E0%B8%A2%E0%B8%99%E0%B8%A7%E0%B8%B1%E0%B8%94%E0%B8%81%E0%B8%AD%E0%B8%87%E0%B8%97%E0%B8%A3%E0%B8%B2%E0%B8%A2
โฮ่งบีช คาเฟ่,https://www.wongnai.com/restaurants/265845eF-%E0%B9%82%E0%B8%AE%E0%B9%88%E0%B8%87%E0%B8%9A%E0%B8%B5%E0%B8%8A-%E0%B8%84%E0%B8%B2%E0%B9%80%E0%B8%9F%E0%B9%88
คุ้มหอม คาเฟ่ - Khum Hom Cafe Chiangmai,https://www.wongnai.com/restaurants/797555Ot-%E0%B8%84%E0%B8%B8%E0%B9%89%E0%B8%A1%E0%B8%AB%E0%B8%AD%E0%B8%A1-%E0%B8%84%E0%B8%B2%E0%B9%80%E0%B8%9F%E0%B9%88-khum-hom-cafe-chiangmai-%E0%B8%A8%E0%B8%A3%E0%B8%B5%E0%B8%A0%E0%B8%B9%E0%B8%A1%E0%B8%B4
The Stove Inspiring Village,https://www.wongnai.com/restaurants/1234904YR-the-stove-inspiring-village
ART FARMER Coffee Roastery & Music,https://www.wongnai.com/restaurants/1185800hX-art-farmer-coffee-roastery-music-chiangmai
Elely Cafe' Mae Ping Bistro,https://www.wongnai.com/restaurants/693239mE-elely-cafe-mae-ping-bistro
ON FLEEK Cafe',https://www.wongnai.com/restaurants/2071181Rk-on-fleek-cafe
My Forest Cafe,https://www.wongnai.com/restaurants/2076559Oi-my-forest-cafe
ยิ้มสู้กับอาจารย์วิริยะ,https://www.wongnai.com/restaurants/581051Ys-%E0%B8%A2%E0%B8%B4%E0%B9%89%E0%B8%A1%E0%B8%AA%E0%B8%B9%E0%B9%89%E0%B8%81%E0%B8%B1%E0%B8%9A%E0%B8%AD%E0%B8%B2%E0%B8%88%E0%B8%B2%E0%B8%A3%E0%B8%A2%E0%B9%8C%E0%B8%A7%E0%B8%B4%E0%B8%A3%E0%B8%B4%E0%B8%A2%E0%B8%B0
THE BARISTRO at NCU มหาวิทยาลัยนอร์ท-เชียงใหม่,https://www.wongnai.com/restaurants/400248yL-the-baristro-at-ncu
PUNN Smoothies น้ำปั่นและ ขนม by PUN Pâtisseries,https://www.wongnai.com/restaurants/1553421fm-punn-smoothies-%E0%B8%99%E0%B9%89%E0%B8%B3%E0%B8%9B%E0%B8%B1%E0%B9%88%E0%B8%99%E0%B9%81%E0%B8%A5%E0%B8%B0-%E0%B8%82%E0%B8%99%E0%B8%A1-by-pun-p%C3%A2tisseries
Tree of life cafe ต้นไม้แห่งชีวิต,https://www.wongnai.com/restaurants/983449Qy-tree-of-life-cafe-%E0%B8%95%E0%B9%89%E0%B8%99%E0%B9%84%E0%B8%A1%E0%B9%89%E0%B9%81%E0%B8%AB%E0%B9%88%E0%B8%87%E0%B8%8A%E0%B8%B5%E0%B8%A7%E0%B8%B4%E0%B8%95-%E0%B8%AA%E0%B8%B2%E0%B8%A3%E0%B8%A0%E0%B8%B5
Eat@Rincome,https://www.wongnai.com/restaurants/270871vo-eat-rincome
Jardin d'été Gelato and Dessert Cafe,https://www.wongnai.com/restaurants/216262KD-jardin-d-%C3%A9t%C3%A9-gelato-and-dessert-cafe
Inestinct25,https://www.wongnai.com/restaurants/inestinct25
Queensbaker,https://www.wongnai.com/restaurants/816201oS-queensbaker-%E0%B9%84%E0%B8%8A%E0%B8%A2%E0%B8%AA%E0%B8%96%E0%B8%B2%E0%B8%99
Next Level Drink ‘Specialty Coffee’,https://www.wongnai.com/restaurants/1818771pL-next-level-drink-specialty-coffee
บุษบาตำเลย แม่โจ้ หมู่บ้านนนนิภาเฟส 2 ซอย 15,https://www.wongnai.com/restaurants/293682ER-%E0%B8%9A%E0%B8%B8%E0%B8%A9%E0%B8%9A%E0%B8%B2%E0%B8%95%E0%B8%B3%E0%B9%80%E0%B8%A5%E0%B8%A2-%E0%B9%81%E0%B8%A1%E0%B9%88%E0%B9%82%E0%B8%88%E0%B9%89-%E0%B8%AB%E0%B8%A1%E0%B8%B9%E0%B9%88%E0%B8%9A%E0%B9%89%E0%B8%B2%E0%B8%99%E0%B8%99%E0%B8%99%E0%B8%99%E0%B8%B4%E0%B8%A0%E0%B8%B2%E0%B9%80%E0%B8%9F%E0%B8%AA-2-%E0%B8%8B%E0%B8%AD%E0%B8%A2-15-%E0%B9%81%E0%B8%A1%E0%B9%88%E0%B9%82%E0%B8%88%E0%B9%89-%E0%B9%80%E0%B8%8A%E0%B8%B5%E0%B8%A2%E0%B8%87%E0%B9%83%E0%B8%AB%E0%B8%A1%E0%B9%88
Kramfeine,https://www.wongnai.com/restaurants/473046fA-kramfeine
เพนกวินวาฟเฟิล สาขาบ่อสร้าง,https://www.wongnai.com/restaurants/1691209rR-%E0%B9%80%E0%B8%9E%E0%B8%99%E0%B8%81%E0%B8%A7%E0%B8%B4%E0%B8%99%E0%B8%A7%E0%B8%B2%E0%B8%9F%E0%B9%80%E0%B8%9F%E0%B8%B4%E0%B8%A5-%E0%B8%AA%E0%B8%B2%E0%B8%82%E0%B8%B2%E0%B8%9A%E0%B9%88%E0%B8%AD%E0%B8%AA%E0%B8%A3%E0%B9%89%E0%B8%B2%E0%B8%87
ไร่สตรอเบอร์รี่ไผ่สีทอง,https://www.wongnai.com/restaurants/strawberrychiangmai
Nim Cafe,https://www.wongnai.com/restaurants/130379mH-nim-cafe-2
เตาอุ่น,https://www.wongnai.com/restaurants/388148Mq-%E0%B9%80%E0%B8%95%E0%B8%B2%E0%B8%AD%E0%B8%B8%E0%B9%88%E0%B8%99-%E0%B8%AA%E0%B8%B8%E0%B9%80%E0%B8%97%E0%B8%9E
Mihimihi เซ็นทรัลเฟสติวัล เชียงใหม่ ชั้น 4 (หน้า Food Park),https://www.wongnai.com/restaurants/597095ce-mihimihi-%E0%B9%80%E0%B8%8B%E0%B9%87%E0%B8%99%E0%B8%97%E0%B8%A3%E0%B8%B1%E0%B8%A5%E0%B9%80%E0%B8%9F%E0%B8%AA%E0%B8%95%E0%B8%B4%E0%B8%A7%E0%B8%B1%E0%B8%A5-%E0%B9%80%E0%B8%8A%E0%B8%B5%E0%B8%A2%E0%B8%87%E0%B9%83%E0%B8%AB%E0%B8%A1%E0%B9%88-%E0%B8%8A%E0%B8%B1%E0%B9%89%E0%B8%99-4-%E0%B8%AB%E0%B8%99%E0%B9%89%E0%B8%B2-food-park-%E0%B9%80%E0%B8%8A%E0%B8%B5%E0%B8%A2%E0%B8%87%E0%B9%83%E0%B8%AB%E0%B8%A1%E0%B9%88
All About Coffee Pai เชียงใหม่,https://www.wongnai.com/restaurants/221885wZ-all-about-coffee-pai-%E0%B9%80%E0%B8%8A%E0%B8%B5%E0%B8%A2%E0%B8%87%E0%B9%83%E0%B8%AB%E0%B8%A1%E0%B9%88
Tomoni Cafe (โทโมนิ),https://www.wongnai.com/restaurants/756716xe-tomoni-cafe-%E0%B9%82%E0%B8%97%E0%B9%82%E0%B8%A1%E0%B8%99%E0%B8%B4
Path,https://www.wongnai.com/restaurants/1830414CY-path
af Pheromones Cafe.cnx,https://www.wongnai.com/restaurants/2264570sj-af-pheromones-cafe-cnx
หมาใจดำ,https://www.wongnai.com/restaurants/287082BQ-%E0%B8%AB%E0%B8%A1%E0%B8%B2%E0%B9%83%E0%B8%88%E0%B8%94%E0%B8%B3
JOKO Boutique Bakery & Store,https://www.wongnai.com/restaurants/1802346iT-joko-boutique-bakery-store-%E0%B9%81%E0%B8%A1%E0%B9%88%E0%B8%A3%E0%B8%B4%E0%B8%A1
Happy Box Cafe,https://www.wongnai.com/restaurants/377244ug-happy-box-cafe-%E0%B8%AA%E0%B8%B2%E0%B8%82%E0%B8%B2%E0%B9%81%E0%B8%A1%E0%B9%88%E0%B8%A3%E0%B8%B4%E0%B8%A1
Jaiboon,https://www.wongnai.com/restaurants/183523Gh-jaiboon
Khobkhun Cafe,https://www.wongnai.com/restaurants/1478642OC-khobkhun-cafe-%E0%B8%AA%E0%B8%B1%E0%B8%99%E0%B8%9B%E0%B9%88%E0%B8%B2%E0%B8%95%E0%B8%AD%E0%B8%87
Thongma Studio Mae Rim Chiangmai,https://www.wongnai.com/restaurants/265562we-thongma-studio-mae-rim-chiangmai-maerim
กาแฟวาวี,https://www.wongnai.com/restaurants/8322qS-%E0%B8%81%E0%B8%B2%E0%B9%81%E0%B8%9F%E0%B8%A7%E0%B8%B2%E0%B8%A7%E0%B8%B5-%E0%B8%AE%E0%B8%B4%E0%B8%A1%E0%B8%9B%E0%B8%B4%E0%B8%87-%E0%B8%81%E0%B8%B2%E0%B8%94%E0%B8%AB%E0%B8%A5%E0%B8%A7%E0%B8%87
ปังมาเกย,https://www.wongnai.com/restaurants/1135577zb-%E0%B8%9B%E0%B8%B1%E0%B8%87%E0%B8%A1%E0%B8%B2%E0%B9%80%E0%B8%81%E0%B8%A2
บ้านแยมโรล,https://www.wongnai.com/restaurants/9154nX-%E0%B8%9A%E0%B9%89%E0%B8%B2%E0%B8%99%E0%B9%81%E0%B8%A2%E0%B8%A1%E0%B9%82%E0%B8%A3%E0%B8%A5
Auntie Anne's,https://www.wongnai.com/restaurants/144416Jv-auntie-anne-s-%E0%B9%80%E0%B8%8B%E0%B9%87%E0%B8%99%E0%B8%97%E0%B8%A3%E0%B8%B1%E0%B8%A5%E0%B9%80%E0%B8%8A%E0%B8%B5%E0%B8%A2%E0%B8%87%E0%B9%83%E0%B8%AB%E0%B8%A1%E0%B9%88-2
REEN Cafe,https://www.wongnai.com/restaurants/2060486lm-reen-cafe
Ninecool Coffee & Cake,https://www.wongnai.com/restaurants/20801EW-ninecool-coffee-cake-%E0%B8%9D%E0%B8%B2%E0%B8%87
Minihana,https://www.wongnai.com/restaurants/1942017qh-minihana
Nebaker cafe,https://www.wongnai.com/restaurants/1736019yD-nebaker-cafe
Mao Coffee,https://www.wongnai.com/restaurants/183391XP-mao-coffee
Espresso Martini CNX,https://www.wongnai.com/restaurants/espressomartinicnx
ZONE Bingsu&Cafe,https://www.wongnai.com/restaurants/510092Wp-zone-bingsu-cafe-%E0%B8%AB%E0%B8%99%E0%B9%89%E0%B8%B2%E0%B8%81%E0%B8%B2%E0%B8%94%E0%B8%98%E0%B8%B2%E0%B8%99%E0%B8%B4%E0%B8%99%E0%B8%97%E0%B8%A3%E0%B9%8C-%E0%B9%80%E0%B8%8A%E0%B8%B5%E0%B8%A2%E0%B8%87%E0%B9%83%E0%B8%AB%E0%B8%A1%E0%B9%88
Aster.home.cafe,https://www.wongnai.com/restaurants/1473817LI-aster-home-cafe
Minimal Coffee Maker,https://www.wongnai.com/restaurants/2275655CG-minimal-coffee-maker-%E0%B8%9A%E0%B8%B4%E0%B9%8A%E0%B8%81%E0%B8%8B%E0%B8%B5-%E0%B8%AB%E0%B8%B2%E0%B8%87%E0%B8%94%E0%B8%87
The Banyan Riverhouse Cafe & Bistro,https://www.wongnai.com/restaurants/1269947Vk-the-banyan-riverhouse-cafe-bistro
Waltz Bakes,https://www.wongnai.com/restaurants/1832230GY-waltz-bakes
OMELETTE,https://www.wongnai.com/restaurants/137530MQ-omelette-%E0%B9%81%E0%B8%A1%E0%B9%88%E0%B8%A3%E0%B8%B4%E0%B8%A1%E0%B8%9E%E0%B8%A5%E0%B8%B2%E0%B8%8B%E0%B9%88%E0%B8%B2
Café de pu,https://www.wongnai.com/restaurants/1844019xH-caf%C3%A9-de-pu
Mai Bakery in garden,https://www.wongnai.com/restaurants/maibakeryingarden
The Great Escake,https://www.wongnai.com/restaurants/659343eF-the-great-escake
Harmachong Coffee,https://www.wongnai.com/restaurants/1893426Et-harmachong-coffee
Biguri,https://www.wongnai.com/restaurants/445255hU-biguri
ข้าวเกรียบปากหม้อ by แม่หมีใหญ่,https://www.wongnai.com/restaurants/1718045GK-%E0%B8%82%E0%B9%89%E0%B8%B2%E0%B8%A7%E0%B9%80%E0%B8%81%E0%B8%A3%E0%B8%B5%E0%B8%A2%E0%B8%9A%E0%B8%9B%E0%B8%B2%E0%B8%81%E0%B8%AB%E0%B8%A1%E0%B9%89%E0%B8%AD-by-%E0%B9%81%E0%B8%A1%E0%B9%88%E0%B8%AB%E0%B8%A1%E0%B8%B5%E0%B9%83%E0%B8%AB%E0%B8%8D%E0%B9%88
Junjun shop&cafe',https://www.wongnai.com/restaurants/165368Da-junjun-shop-cafe
Cervidae Cafe,https://www.wongnai.com/restaurants/277060QT-cervidae-cafe
Butter is Better Bakery & Restaurant,https://www.wongnai.com/restaurants/96805nz-butter-is-better-bakery-restaurant
22 AQUARIUS GLAMPING Cafe',https://www.wongnai.com/restaurants/2103926Rr-22-aquarius-glamping-cafe
เกษมสโตร์,https://www.wongnai.com/restaurants/kasem-kadluang
Glass House Garden,https://www.wongnai.com/restaurants/1928501ng-glass-house-garden
LANDIN Cafe,https://www.wongnai.com/restaurants/333804MJ-landin-cafe
Kumo Bake,https://www.wongnai.com/restaurants/476621TF-kumo-bake
Treespresso,https://www.wongnai.com/restaurants/2046924wg-treespresso-%E0%B8%AA%E0%B8%96%E0%B8%B2%E0%B8%99%E0%B8%B5%E0%B8%A3%E0%B8%96%E0%B9%84%E0%B8%9F
Youngfolk Bean and Brew bean and brew,https://www.wongnai.com/restaurants/164610Ge-youngfolk-bean-and-brew
อาวเวอร์ ou(ə)r,https://www.wongnai.com/restaurants/862769mz-%E0%B8%AD%E0%B8%B2%E0%B8%A7%E0%B9%80%E0%B8%A7%E0%B8%AD%E0%B8%A3%E0%B9%8C-ou-%C9%99-r
ระเบียงวิว@แม่กำปอง,https://www.wongnai.com/restaurants/469786uR-%E0%B8%A3%E0%B8%B0%E0%B9%80%E0%B8%9A%E0%B8%B5%E0%B8%A2%E0%B8%87%E0%B8%A7%E0%B8%B4%E0%B8%A7-%E0%B9%81%E0%B8%A1%E0%B9%88%E0%B8%81%E0%B8%B3%E0%B8%9B%E0%B8%AD%E0%B8%87
Fresh&Mild since 1992,https://www.wongnai.com/restaurants/270653xQ-fresh-mild-since-1992
C-Fa Cafe -ซีฟา คาเฟ่,https://www.wongnai.com/restaurants/1987604rm-c-fa-cafe-%E0%B8%8B%E0%B8%B5%E0%B8%9F%E0%B8%B2-%E0%B8%84%E0%B8%B2%E0%B9%80%E0%B8%9F%E0%B9%88
ciesté.cnx - เซียสเต้,https://www.wongnai.com/restaurants/1840032ac-ciest%C3%A9-cnx-%E0%B9%80%E0%B8%8B%E0%B8%B5%E0%B8%A2%E0%B8%AA%E0%B9%80%E0%B8%95%E0%B9%89-%E0%B8%8A%E0%B9%89%E0%B8%B2%E0%B8%87%E0%B8%A1%E0%B9%88%E0%B8%AD%E0%B8%A2
Chaaym Cafe,https://www.wongnai.com/restaurants/323726bX-chaaym-cafe
The Volcano Grab&Go,https://www.wongnai.com/restaurants/329312fP-the-volcano-grab-go-central-chiangmai-airport
B Samcook Home 16,https://www.wongnai.com/restaurants/271437aH-b-samcook-home-16
Mad Coffee,https://www.wongnai.com/restaurants/158383vW-mad-coffee
กาแฟโสด,https://www.wongnai.com/restaurants/140033NU-%E0%B8%81%E0%B8%B2%E0%B9%81%E0%B8%9F%E0%B9%82%E0%B8%AA%E0%B8%94
Danissa Bakery and Cafe,https://www.wongnai.com/restaurants/368448hG-danissa-bakery-and-cafe
Sync. flower & Tea,https://www.wongnai.com/restaurants/2059001pw-sync-flower-tea
The.cofreze,https://www.wongnai.com/restaurants/2075495kw-the-cofreze
Obchoei Original Homemade,https://www.wongnai.com/restaurants/378175GO-obchoei-original-homemade
DWBH CAFE,https://www.wongnai.com/restaurants/446569Js-dwbh-cafe
Rich Garden House Homemade Bakery & Cafe,https://www.wongnai.com/restaurants/279336iN-rich-garden-house-homemade-bakery-cafe
Between_cafe,https://www.wongnai.com/restaurants/327743ro-between-cafe
Live.aday,https://www.wongnai.com/restaurants/303566fX-live-aday
CleverCoffee,https://www.wongnai.com/restaurants/2165523Ps-clevercoffee
Triplets Eat & Play,https://www.wongnai.com/restaurants/1568778Wn-triplets-eat-play-%E0%B8%AB%E0%B8%B2%E0%B8%87%E0%B8%94%E0%B8%87
MAMA Sandwich แซนวิชโบราณ ๒๕๖๓,https://www.wongnai.com/restaurants/636389Ro-mama-sandwich-%E0%B9%81%E0%B8%8B%E0%B8%99%E0%B8%A7%E0%B8%B4%E0%B8%8A%E0%B9%82%E0%B8%9A%E0%B8%A3%E0%B8%B2%E0%B8%93-%E0%B9%92%E0%B9%95%E0%B9%96%E0%B9%93
50% Fifty Percent,https://www.wongnai.com/restaurants/1313828gM-50-fifty-percent
Love At First Bite เชียงใหม่,https://www.wongnai.com/restaurants/1808430zK-love-at-first-bite-%E0%B9%80%E0%B8%8A%E0%B8%B5%E0%B8%A2%E0%B8%87%E0%B9%83%E0%B8%AB%E0%B8%A1%E0%B9%88
นลินบ้าบิ่นมะพร้าวอ่อน,https://www.wongnai.com/restaurants/1564165Rq-%E0%B8%99%E0%B8%A5%E0%B8%B4%E0%B8%99%E0%B8%9A%E0%B9%89%E0%B8%B2%E0%B8%9A%E0%B8%B4%E0%B9%88%E0%B8%99%E0%B8%A1%E0%B8%B0%E0%B8%9E%E0%B8%A3%E0%B9%89%E0%B8%B2%E0%B8%A7%E0%B8%AD%E0%B9%88%E0%B8%AD%E0%B8%99
ShaPel Cafe กาแฟและเครื่องดื่ม,https://www.wongnai.com/restaurants/2120864uu-shapel-cafe-%E0%B8%81%E0%B8%B2%E0%B9%81%E0%B8%9F%E0%B9%81%E0%B8%A5%E0%B8%B0%E0%B9%80%E0%B8%84%E0%B8%A3%E0%B8%B7%E0%B9%88%E0%B8%AD%E0%B8%87%E0%B8%94%E0%B8%B7%E0%B9%88%E0%B8%A1-%E0%B9%81%E0%B8%88%E0%B9%88%E0%B8%87%E0%B8%A8%E0%B8%A3%E0%B8%B5%E0%B8%A0%E0%B8%B9%E0%B8%A1%E0%B8%B4
Mani Mani Bakery,https://www.wongnai.com/restaurants/661184FH-mani-mani-bakery
บอนเนอร์ ซูเคร่ - กาแฟสโลว์บาร์และบราวนี่โฮมเมด,https://www.wongnai.com/restaurants/852170yZ-%E0%B8%9A%E0%B8%AD%E0%B8%99%E0%B9%80%E0%B8%99%E0%B8%AD%E0%B8%A3%E0%B9%8C-%E0%B8%8B%E0%B8%B9%E0%B9%80%E0%B8%84%E0%B8%A3%E0%B9%88-%E0%B8%81%E0%B8%B2%E0%B9%81%E0%B8%9F%E0%B8%AA%E0%B9%82%E0%B8%A5%E0%B8%A7%E0%B9%8C%E0%B8%9A%E0%B8%B2%E0%B8%A3%E0%B9%8C%E0%B9%81%E0%B8%A5%E0%B8%B0%E0%B8%9A%E0%B8%A3%E0%B8%B2%E0%B8%A7%E0%B8%99%E0%B8%B5%E0%B9%88%E0%B9%82%E0%B8%AE%E0%B8%A1%E0%B9%80%E0%B8%A1%E0%B8%94
Bella's Bakes Home Cafe,https://www.wongnai.com/restaurants/891785SB-bella-s-bakes-home-cafe
Minimal Coffee,https://www.wongnai.com/restaurants/1617785VJ-minimal-coffee-%E0%B9%80%E0%B8%88%E0%B9%87%E0%B8%94%E0%B8%A2%E0%B8%AD%E0%B8%94
Oh~ 빵 โอปัง(Korean Bakery),https://www.wongnai.com/restaurants/644345ne-oh-%EB%B9%B5-%E0%B9%82%E0%B8%AD%E0%B8%9B%E0%B8%B1%E0%B8%87-korean-bakery-cbp-5
BAKE & BITE,https://www.wongnai.com/restaurants/97113vI-bake-bite-%E0%B9%81%E0%B8%81%E0%B9%89%E0%B8%A7%E0%B8%99%E0%B8%A7%E0%B8%A3%E0%B8%B1%E0%B8%90
Lydia&Samit,https://www.wongnai.com/restaurants/273179Uc-lydia-samit
ขนม นม ข้าว by : นั่งเล่น คาเฟ่,https://www.wongnai.com/restaurants/579636wl-%E0%B8%82%E0%B8%99%E0%B8%A1-%E0%B8%99%E0%B8%A1-%E0%B8%82%E0%B9%89%E0%B8%B2%E0%B8%A7-by-%E0%B8%99%E0%B8%B1%E0%B9%88%E0%B8%87%E0%B9%80%E0%B8%A5%E0%B9%88%E0%B8%99-%E0%B8%84%E0%B8%B2%E0%B9%80%E0%B8%9F%E0%B9%88
Sugar & Eggs,https://www.wongnai.com/restaurants/961977xh-sugar-eggs
วาฟเฟิลฟูล,https://www.wongnai.com/restaurants/737958LF-%E0%B8%A7%E0%B8%B2%E0%B8%9F%E0%B9%80%E0%B8%9F%E0%B8%B4%E0%B8%A5%E0%B8%9F%E0%B8%B9%E0%B8%A5-%E0%B8%AB%E0%B8%A5%E0%B8%B1%E0%B8%87-%E0%B8%A1%E0%B8%8A
Castellà Cafe,https://www.wongnai.com/restaurants/614983Nx-castell%C3%A0-cafe-%E0%B8%84%E0%B8%B2%E0%B8%AA%E0%B9%80%E0%B8%97%E0%B8%A5%E0%B8%A5%E0%B9%88%E0%B8%B2%E0%B8%84%E0%B8%B2%E0%B9%80%E0%B8%9F%E0%B9%88
ริมธาร นั่งเล่น,https://www.wongnai.com/restaurants/rimtharn-nunglen-coffee
Café De Pines Chiangmai สวนสน,https://www.wongnai.com/restaurants/633102hu-caf%C3%A9-de-pines-chiangmai-%E0%B8%AA%E0%B8%A7%E0%B8%99%E0%B8%AA%E0%B8%99
Valley Coffee & Lanna Resort,https://www.wongnai.com/restaurants/40072Nh-valley-coffee-lanna-resort
ณ ออน Bistro,https://www.wongnai.com/restaurants/360290Jn-%E0%B8%93-%E0%B8%AD%E0%B8%AD%E0%B8%99-bistro
ไร่กาแฟปางร่ม,https://www.wongnai.com/restaurants/365687XI-%E0%B9%84%E0%B8%A3%E0%B9%88%E0%B8%81%E0%B8%B2%E0%B9%81%E0%B8%9F%E0%B8%9B%E0%B8%B2%E0%B8%87%E0%B8%A3%E0%B9%88%E0%B8%A1
Baanpa's Cafe,https://www.wongnai.com/restaurants/213014hw-baanpa-s-cafe
OHANA JET YOD,https://www.wongnai.com/restaurants/567691ir-ohana-jet-yod
WEEKDAY COFFEE,https://www.wongnai.com/restaurants/1457148Tl-weekday-coffee
ขนมปัง โชกุปังพรีเมี่ยม By Oh My Loaf,https://www.wongnai.com/restaurants/2175866rb-%E0%B8%82%E0%B8%99%E0%B8%A1%E0%B8%9B%E0%B8%B1%E0%B8%87-%E0%B9%82%E0%B8%8A%E0%B8%81%E0%B8%B8%E0%B8%9B%E0%B8%B1%E0%B8%87%E0%B8%9E%E0%B8%A3%E0%B8%B5%E0%B9%80%E0%B8%A1%E0%B8%B5%E0%B9%88%E0%B8%A2%E0%B8%A1-by-oh-my-loaf
SWN.CNX Special with nature,https://www.wongnai.com/restaurants/1624182IY-swn-cnx-special-with-nature
กรอบสเตชั่น KROB Station,https://www.wongnai.com/restaurants/863604oF-%E0%B8%81%E0%B8%A3%E0%B8%AD%E0%B8%9A%E0%B8%AA%E0%B9%80%E0%B8%95%E0%B8%8A%E0%B8%B1%E0%B9%88%E0%B8%99-krob-station-%E0%B8%AA%E0%B8%B2%E0%B8%82%E0%B8%B2%E0%B8%AA%E0%B8%A7%E0%B8%99%E0%B8%94%E0%B8%AD%E0%B8%81-suandok
โตเกียวไส้ทะลัก(Super Tokyo),https://www.wongnai.com/restaurants/1401223VI-%E0%B9%82%E0%B8%95%E0%B9%80%E0%B8%81%E0%B8%B5%E0%B8%A2%E0%B8%A7%E0%B9%84%E0%B8%AA%E0%B9%89%E0%B8%97%E0%B8%B0%E0%B8%A5%E0%B8%B1%E0%B8%81-super-tokyo
Later On Cafe',https://www.wongnai.com/restaurants/478133VZ-later-on-cafe
ซาซากิ,https://www.wongnai.com/restaurants/1651544Lh-%E0%B8%8B%E0%B8%B2%E0%B8%8B%E0%B8%B2%E0%B8%81%E0%B8%B4-%E0%B9%80%E0%B8%8A%E0%B8%B5%E0%B8%A2%E0%B8%87%E0%B9%83%E0%B8%AB%E0%B8%A1%E0%B9%88
บ้านอิงดาวแม่กำปอง,https://www.wongnai.com/restaurants/490046xc-%E0%B8%9A%E0%B9%89%E0%B8%B2%E0%B8%99%E0%B8%AD%E0%B8%B4%E0%B8%87%E0%B8%94%E0%B8%B2%E0%B8%A7%E0%B9%81%E0%B8%A1%E0%B9%88%E0%B8%81%E0%B8%B3%E0%B8%9B%E0%B8%AD%E0%B8%87
หมอกหลวง,https://www.wongnai.com/restaurants/22253HP-%E0%B8%AB%E0%B8%A1%E0%B8%AD%E0%B8%81%E0%B8%AB%E0%B8%A5%E0%B8%A7%E0%B8%87-mokluang
Croffle.hour ครอฟเฟิล อาวเวอร์,https://www.wongnai.com/restaurants/2160575GE-croffle-hour-%E0%B8%84%E0%B8%A3%E0%B8%AD%E0%B8%9F%E0%B9%80%E0%B8%9F%E0%B8%B4%E0%B8%A5-%E0%B8%AD%E0%B8%B2%E0%B8%A7%E0%B9%80%E0%B8%A7%E0%B8%AD%E0%B8%A3%E0%B9%8C
Beard Papa's,https://www.wongnai.com/restaurants/1724970uh-beard-papa-s-beard-papa-s-chiangmai
เบบี้มายด์เครปบุฟเฟ่ต์,https://www.wongnai.com/restaurants/1191751UA-%E0%B9%80%E0%B8%9A%E0%B8%9A%E0%B8%B5%E0%B9%89%E0%B8%A1%E0%B8%B2%E0%B8%A2%E0%B8%94%E0%B9%8C%E0%B9%80%E0%B8%84%E0%B8%A3%E0%B8%9B%E0%B8%9A%E0%B8%B8%E0%B8%9F%E0%B9%80%E0%B8%9F%E0%B9%88%E0%B8%95%E0%B9%8C
Brecht,https://www.wongnai.com/restaurants/484141aa-brecht
A&C BAKERY,https://www.wongnai.com/restaurants/720228Mp-a-c-bakery
Aritouch Croissant,https://www.wongnai.com/restaurants/848868Sa-aritouch-croissant
ผึ้งน้อยเบเกอรี่,https://www.wongnai.com/restaurants/770291Yr-%E0%B8%9C%E0%B8%B6%E0%B9%89%E0%B8%87%E0%B8%99%E0%B9%89%E0%B8%AD%E0%B8%A2%E0%B9%80%E0%B8%9A%E0%B9%80%E0%B8%81%E0%B8%AD%E0%B8%A3%E0%B8%B5%E0%B9%88
Sala Kaffae,https://www.wongnai.com/restaurants/484229SL-sala-kaffae-%E0%B9%82%E0%B8%8A%E0%B8%95%E0%B8%99%E0%B8%B2-22-%E0%B9%82%E0%B8%84%E0%B8%A3%E0%B8%87%E0%B8%81%E0%B8%B2%E0%B8%A3-fusion-s
Paw made Cafe & Painting,https://www.wongnai.com/restaurants/633365rZ-paw-made-cafe-painting
ผึ้งน้อย เบเกอรี่ (Phungnoi Bakery) เซ็นทรัลแอร์พอร์ท,https://www.wongnai.com/restaurants/944979CA-%E0%B8%9C%E0%B8%B6%E0%B9%89%E0%B8%87%E0%B8%99%E0%B9%89%E0%B8%AD%E0%B8%A2-%E0%B9%80%E0%B8%9A%E0%B9%80%E0%B8%81%E0%B8%AD%E0%B8%A3%E0%B8%B5%E0%B9%88-phungnoi-bakery-%E0%B9%80%E0%B8%8B%E0%B9%87%E0%B8%99%E0%B8%97%E0%B8%A3%E0%B8%B1%E0%B8%A5%E0%B9%81%E0%B8%AD%E0%B8%A3%E0%B9%8C%E0%B8%9E%E0%B8%AD%E0%B8%A3%E0%B9%8C%E0%B8%97
GUSTO SITE,https://www.wongnai.com/restaurants/180015bk-gusto-site
PAUSE CAFE CHIANGMAI,https://www.wongnai.com/restaurants/365455iE-pause-cafe-chiangmai
FIKA,https://www.wongnai.com/restaurants/467270De-fika
CALANTHE Cafe By Chiang Mai Orchid,https://www.wongnai.com/restaurants/599265cT-calanthe-cafe-by-chiang-mai-orchid
Café Amazon - DD2085,https://www.wongnai.com/restaurants/302159aL-caf%C3%A9-amazon-dd2085-%E0%B9%81%E0%B8%A1%E0%B9%88%E0%B8%A3%E0%B8%B4%E0%B8%A1
Le Meridien bakery,https://www.wongnai.com/restaurants/1347881uA-le-meridien-bakery-central-festival-chiangmai
CHAMCHA AT DOI KHAM,https://www.wongnai.com/restaurants/450619om-chamcha-at-doi-kham
ดาราเทวีเค้กช็อป Dhara Dhevi Cake Shop,https://www.wongnai.com/restaurants/847345yU-%E0%B8%94%E0%B8%B2%E0%B8%A3%E0%B8%B2%E0%B9%80%E0%B8%97%E0%B8%A7%E0%B8%B5%E0%B9%80%E0%B8%84%E0%B9%89%E0%B8%81%E0%B8%8A%E0%B9%87%E0%B8%AD%E0%B8%9B-dhara-dhevi-cake-shop
Neo Cafe,https://www.wongnai.com/restaurants/130569lt-neo-cafe
Wake Up,https://www.wongnai.com/restaurants/wakeup24hrs-nimmanahaeminda
หวานละมุน,https://www.wongnai.com/restaurants/145693yP-%E0%B8%AB%E0%B8%A7%E0%B8%B2%E0%B8%99%E0%B8%A5%E0%B8%B0%E0%B8%A1%E0%B8%B8%E0%B8%99-central-festival-chiangmai
Hilltown cafe x Nimman,https://www.wongnai.com/restaurants/1302975xr-hilltown-cafe-x-nimman-nimman
ชอ กาแฟ ครัวสอนทุ่ง,https://www.wongnai.com/restaurants/290431pK-%E0%B8%8A%E0%B8%AD-%E0%B8%81%E0%B8%B2%E0%B9%81%E0%B8%9F-%E0%B8%84%E0%B8%A3%E0%B8%B1%E0%B8%A7%E0%B8%AA%E0%B8%AD%E0%B8%99%E0%B8%97%E0%B8%B8%E0%B9%88%E0%B8%87
Fresh Cafe & Juice Bar (.Fresh),https://www.wongnai.com/restaurants/286064Hx-fresh-cafe-juice-bar-fresh-fresh-cafe-juicebar
HYBRID,https://www.wongnai.com/restaurants/1684667lC-hybrid
Tita gallery,https://www.wongnai.com/restaurants/175295yB-tita-gallery
กาแฟอินทนนท์ เวียงกุมกาม,https://www.wongnai.com/restaurants/254460gR-%E0%B8%81%E0%B8%B2%E0%B9%81%E0%B8%9F%E0%B8%AD%E0%B8%B4%E0%B8%99%E0%B8%97%E0%B8%99%E0%B8%99%E0%B8%97%E0%B9%8C-%E0%B9%80%E0%B8%A7%E0%B8%B5%E0%B8%A2%E0%B8%87%E0%B8%81%E0%B8%B8%E0%B8%A1%E0%B8%81%E0%B8%B2%E0%B8%A1
Tuesday Closed Cafe,https://www.wongnai.com/restaurants/2270031Wd-tuesday-closed-cafe
Praew (แพรว),https://www.wongnai.com/restaurants/259728vK-praew-%E0%B9%81%E0%B8%9E%E0%B8%A3%E0%B8%A7-%E0%B8%96%E0%B8%99%E0%B8%99%E0%B9%80%E0%B8%8A%E0%B8%B5%E0%B8%A2%E0%B8%87%E0%B9%83%E0%B8%AB%E0%B8%A1%E0%B9%88-%E0%B8%94%E0%B8%AD%E0%B8%A2%E0%B8%AA%E0%B8%B0%E0%B9%80%E0%B8%81%E0%B9%87%E0%B8%94
BCC : Beloved CoCoa,https://www.wongnai.com/restaurants/932842nM-bcc-beloved-cocoa
Sweet Stories,https://www.wongnai.com/restaurants/24502LD-sweet-stories-%E0%B8%AB%E0%B8%A5%E0%B8%B1%E0%B8%87%E0%B8%A1%E0%B8%8A
บ้านสมาธิ Baan Samadhi,https://www.wongnai.com/restaurants/668311Vc-%E0%B8%9A%E0%B9%89%E0%B8%B2%E0%B8%99%E0%B8%AA%E0%B8%A1%E0%B8%B2%E0%B8%98%E0%B8%B4-baan-samadhi
Somewhere espresso,https://www.wongnai.com/restaurants/570635XO-somewhere-espresso-%E0%B8%96%E0%B8%99%E0%B8%99%E0%B8%A5%E0%B8%AD%E0%B8%A2%E0%B9%80%E0%B8%84%E0%B8%A3%E0%B8%B2%E0%B8%B0%E0%B8%AB%E0%B9%8C
ดาริกา,https://www.wongnai.com/restaurants/842299SO-%E0%B8%94%E0%B8%B2%E0%B8%A3%E0%B8%B4%E0%B8%81%E0%B8%B2
Chouquette,https://www.wongnai.com/restaurants/1777162YD-chouquette-%E0%B8%AA%E0%B8%B2%E0%B8%82%E0%B8%B2%E0%B9%80%E0%B8%A1%E0%B8%8D%E0%B9%88%E0%B8%B2
HONEY BOX -Espresso Bar-,https://www.wongnai.com/restaurants/477366iN-honey-box-espresso-bar
Amornthep's Croissants,https://www.wongnai.com/restaurants/546465RW-amornthep-s-croissants
Baan Lungsom Homemade Bakery & Restaurant Chiang Mai,https://www.wongnai.com/restaurants/baanlungsom
All Ma Bake,https://www.wongnai.com/restaurants/622111GR-all-ma-bake
Maitri Donuts,https://www.wongnai.com/restaurants/561119HC-maitri-donuts-%E0%B8%95%E0%B8%A5%E0%B8%B2%E0%B8%94%E0%B8%AA%E0%B8%94%E0%B9%81%E0%B8%A1%E0%B9%88%E0%B9%80%E0%B8%AB%E0%B8%B5%E0%B8%A2%E0%B8%B0
ตถตา คาเฟ่,https://www.wongnai.com/restaurants/305037Lg-%E0%B8%95%E0%B8%96%E0%B8%95%E0%B8%B2-%E0%B8%84%E0%B8%B2%E0%B9%80%E0%B8%9F%E0%B9%88-%E0%B8%AA%E0%B8%B3%E0%B8%99%E0%B8%B1%E0%B8%81%E0%B8%87%E0%B8%B2%E0%B8%99%E0%B9%83%E0%B8%AB%E0%B8%8D%E0%B9%88
มนต์นมสด,https://www.wongnai.com/restaurants/470976KR-%E0%B8%A1%E0%B8%99%E0%B8%95%E0%B9%8C%E0%B8%99%E0%B8%A1%E0%B8%AA%E0%B8%94-%E0%B9%81%E0%B8%A1%E0%B9%88%E0%B9%80%E0%B8%AB%E0%B8%B5%E0%B8%A2%E0%B8%B0
ขนมบ้านป้าหมี,https://www.wongnai.com/restaurants/477235XW-%E0%B8%82%E0%B8%99%E0%B8%A1%E0%B8%9A%E0%B9%89%E0%B8%B2%E0%B8%99%E0%B8%9B%E0%B9%89%E0%B8%B2%E0%B8%AB%E0%B8%A1%E0%B8%B5
Begin coffee,https://www.wongnai.com/restaurants/928752nf-begin-coffee-%E0%B8%AA%E0%B8%A7%E0%B8%99%E0%B8%94%E0%B8%AD%E0%B8%81
Love Me Cafe',https://www.wongnai.com/restaurants/223651cd-love-me-cafe
KLOMCAFE,https://www.wongnai.com/restaurants/160753JI-klomcafe
Coffee De Candle,https://www.wongnai.com/restaurants/192107ML-coffee-de-candle
WONG Cafe',https://www.wongnai.com/restaurants/1831625HW-wong-cafe-%E0%B8%A7%E0%B8%87%E0%B8%A8%E0%B9%8C-%E0%B8%84%E0%B8%B2%E0%B9%80%E0%B8%9F%E0%B9%88-%E0%B8%95%E0%B8%A3%E0%B8%87%E0%B8%82%E0%B9%89%E0%B8%B2%E0%B8%A1%E0%B8%A7%E0%B8%B1%E0%B8%94%E0%B8%AA%E0%B8%B1%E0%B8%99%E0%B8%9B%E0%B9%88%E0%B8%B2%E0%B8%95%E0%B8%AD%E0%B8%87
CHAPTER 2 WO,https://www.wongnai.com/restaurants/647054jg-chapter-2-wo-at-haus-hostel
Alley Caffe,https://www.wongnai.com/restaurants/1331520wZ-alley-caffe
Mister Donut,https://www.wongnai.com/restaurants/260175xt-mister-donut-central-festival-%E0%B9%80%E0%B8%8A%E0%B8%B5%E0%B8%A2%E0%B8%87%E0%B9%83%E0%B8%AB%E0%B8%A1%E0%B9%88
ทองกวาว คาเฟ่,https://www.wongnai.com/restaurants/1444255aB-%E0%B8%97%E0%B8%AD%E0%B8%87%E0%B8%81%E0%B8%A7%E0%B8%B2%E0%B8%A7-%E0%B8%84%E0%B8%B2%E0%B9%80%E0%B8%9F%E0%B9%88
Chxb Up Cafe'ชอบ คัพ คาเฟ่,https://www.wongnai.com/restaurants/1241973Fu-chxb-up-cafe-%E0%B8%8A%E0%B8%AD%E0%B8%9A-%E0%B8%84%E0%B8%B1%E0%B8%9E-%E0%B8%84%E0%B8%B2%E0%B9%80%E0%B8%9F%E0%B9%88
Scone.House,https://www.wongnai.com/restaurants/801789DA-scone-house
Thachang Hill Coffee & Cafe,https://www.wongnai.com/restaurants/225775Eg-thachang-hill-coffee-cafe
ฟินเบเกอรี่,https://www.wongnai.com/restaurants/794667Fh-%E0%B8%9F%E0%B8%B4%E0%B8%99%E0%B9%80%E0%B8%9A%E0%B9%80%E0%B8%81%E0%B8%AD%E0%B8%A3%E0%B8%B5%E0%B9%88-%E0%B8%AA%E0%B8%A7%E0%B8%99%E0%B8%94%E0%B8%AD%E0%B8%81%E0%B8%9B%E0%B8%B2%E0%B8%A3%E0%B9%8C%E0%B8%84
Cha-mai home studio & cafe,https://www.wongnai.com/restaurants/595323LS-cha-mai-home-studio-cafe
Yuk Coffee,https://www.wongnai.com/restaurants/262253MD-yuk-coffee
Saint Etoile,https://www.wongnai.com/restaurants/340908hF-saint-etoile-maya
มิ่งมิตร,https://www.wongnai.com/restaurants/1574560mo-%E0%B8%A1%E0%B8%B4%E0%B9%88%E0%B8%87%E0%B8%A1%E0%B8%B4%E0%B8%95%E0%B8%A3-%E0%B9%81%E0%B8%A1%E0%B9%88%E0%B9%80%E0%B8%AB%E0%B8%B5%E0%B8%A2%E0%B8%B0
ForRest,https://www.wongnai.com/restaurants/329478sw-forrest
Cool Sky Cafe' & Restuarant ChiangMai,https://www.wongnai.com/restaurants/646787oU-cool-sky-cafe-restuarant-chiangmai
บรรยายคาเฟ่,https://www.wongnai.com/restaurants/675769bM-%E0%B8%9A%E0%B8%A3%E0%B8%A3%E0%B8%A2%E0%B8%B2%E0%B8%A2%E0%B8%84%E0%B8%B2%E0%B9%80%E0%B8%9F%E0%B9%88
เรือนไม้ไทยใหญ่,https://www.wongnai.com/restaurants/26897Pv-%E0%B9%80%E0%B8%A3%E0%B8%B7%E0%B8%AD%E0%B8%99%E0%B9%84%E0%B8%A1%E0%B9%89%E0%B9%84%E0%B8%97%E0%B8%A2%E0%B9%83%E0%B8%AB%E0%B8%8D%E0%B9%88
YAMAZAKI,https://www.wongnai.com/restaurants/35969hj-yamazaki-central-airport-chiang-mai
Max Wine&Coffee On Hill,https://www.wongnai.com/restaurants/maxcoffeeonhill
เปลวทิพย์,https://www.wongnai.com/restaurants/123749im-%E0%B9%80%E0%B8%9B%E0%B8%A5%E0%B8%A7%E0%B8%97%E0%B8%B4%E0%B8%9E%E0%B8%A2%E0%B9%8C-%E0%B8%AA%E0%B8%B1%E0%B8%99%E0%B8%81%E0%B8%B3%E0%B9%81%E0%B8%9E%E0%B8%87
All About Crepes,https://www.wongnai.com/restaurants/allaboutcrepe
นวลเบเกอรี่,https://www.wongnai.com/restaurants/305700EI-%E0%B8%99%E0%B8%A7%E0%B8%A5%E0%B9%80%E0%B8%9A%E0%B9%80%E0%B8%81%E0%B8%AD%E0%B8%A3%E0%B8%B5%E0%B9%88-%E0%B9%80%E0%B8%8B%E0%B9%87%E0%B8%99%E0%B8%97%E0%B8%A3%E0%B8%B1%E0%B8%A5%E0%B8%9E%E0%B8%A5%E0%B8%B2%E0%B8%8B%E0%B8%B2-%E0%B9%80%E0%B8%8A%E0%B8%B5%E0%B8%A2%E0%B8%87%E0%B9%83%E0%B8%AB%E0%B8%A1%E0%B9%88-%E0%B9%81%E0%B8%AD%E0%B8%A3%E0%B9%8C%E0%B8%9E%E0%B8%AD%E0%B8%A3%E0%B9%8C%E0%B8%95
Cafe' My Day Off,https://www.wongnai.com/restaurants/251672BU-cafe-my-day-off-%E0%B9%80%E0%B8%8A%E0%B8%B5%E0%B8%A2%E0%B8%87%E0%B8%94%E0%B8%B2%E0%B8%A7
พงศธร ซาลาเปา เสวย,https://www.wongnai.com/restaurants/386915Kf-%E0%B8%9E%E0%B8%87%E0%B8%A8%E0%B8%98%E0%B8%A3-%E0%B8%8B%E0%B8%B2%E0%B8%A5%E0%B8%B2%E0%B9%80%E0%B8%9B%E0%B8%B2-%E0%B9%80%E0%B8%AA%E0%B8%A7%E0%B8%A2
ELEVEN CAFE,https://www.wongnai.com/restaurants/578465EE-eleven-cafe
บางนาเฮ้าส์,https://www.wongnai.com/restaurants/590632eS-%E0%B8%9A%E0%B8%B2%E0%B8%87%E0%B8%99%E0%B8%B2%E0%B9%80%E0%B8%AE%E0%B9%89%E0%B8%B2%E0%B8%AA%E0%B9%8C
B,https://www.wongnai.com/restaurants/544687xc-b-%E0%B8%A8
Bellinee's Grab & Go,https://www.wongnai.com/restaurants/1151862jv-bellinee-s-grab-go-%E0%B8%A1%E0%B8%B5%E0%B9%82%E0%B8%8A%E0%B8%84%E0%B8%9E%E0%B8%A5%E0%B8%B2%E0%B8%8B%E0%B9%88%E0%B8%B2
The Flowery Home Chiangmai,https://www.wongnai.com/restaurants/19310yk-the-flowery-home-chiangmai
สโคนนี่ & พาย โฮมเมด เดลิเวอรี่,https://www.wongnai.com/restaurants/534727Se-%E0%B8%AA%E0%B9%82%E0%B8%84%E0%B8%99%E0%B8%99%E0%B8%B5%E0%B9%88-%E0%B8%9E%E0%B8%B2%E0%B8%A2-%E0%B9%82%E0%B8%AE%E0%B8%A1%E0%B9%80%E0%B8%A1%E0%B8%94-%E0%B9%80%E0%B8%94%E0%B8%A5%E0%B8%B4%E0%B9%80%E0%B8%A7%E0%B8%AD%E0%B8%A3%E0%B8%B5%E0%B9%88-%E0%B9%80%E0%B8%8A%E0%B8%B5%E0%B8%A2%E0%B8%87%E0%B9%83%E0%B8%AB%E0%B8%A1%E0%B9%88
บราวนี่ยี่สิบ,https://www.wongnai.com/restaurants/1446247lF-%E0%B8%9A%E0%B8%A3%E0%B8%B2%E0%B8%A7%E0%B8%99%E0%B8%B5%E0%B9%88%E0%B8%A2%E0%B8%B5%E0%B9%88%E0%B8%AA%E0%B8%B4%E0%B8%9A-%E0%B8%99%E0%B8%B4%E0%B8%A1%E0%B8%A1%E0%B8%B2%E0%B8%99%E0%B9%80%E0%B8%AB%E0%B8%A1%E0%B8%B4%E0%B8%99%E0%B8%97%E0%B8%A3%E0%B9%8C-%E0%B8%8B%E0%B8%AD%E0%B8%A2-9
Tea Leaf Lab,https://www.wongnai.com/restaurants/327016UH-tea-leaf-lab
Sweetbuns (สวีทบัน),https://www.wongnai.com/restaurants/1556592is-sweetbuns-%E0%B8%AA%E0%B8%A7%E0%B8%B5%E0%B8%97%E0%B8%9A%E0%B8%B1%E0%B8%99-%E0%B8%9B%E0%B8%B1%E0%B9%8A%E0%B8%A1-%E0%B8%9B%E0%B8%95%E0%B8%97-%E0%B8%82%E0%B9%89%E0%B8%B2%E0%B8%87-unity-school
Hubba Coffee,https://www.wongnai.com/restaurants/615575nV-hubba-coffee
The Riverside Bakery & Coffee,https://www.wongnai.com/restaurants/1520229Ud-the-riverside-bakery-coffee
Cat Brothers Cafe,https://www.wongnai.com/restaurants/265334fm-cat-brothers-cafe
Tasty life by แม่กลอง,https://www.wongnai.com/restaurants/239147Uf-tasty-life-by-%E0%B9%81%E0%B8%A1%E0%B9%88%E0%B8%81%E0%B8%A5%E0%B8%AD%E0%B8%87
ACCIO CAFE',https://www.wongnai.com/restaurants/417685TD-accio-cafe
อินซอย by Mellow Coffee,https://www.wongnai.com/restaurants/210903PE-%E0%B8%AD%E0%B8%B4%E0%B8%99%E0%B8%8B%E0%B8%AD%E0%B8%A2-by-mellow-coffee-%E0%B8%B1
ครัวต้นไม้,https://www.wongnai.com/restaurants/1977080bE-%E0%B8%84%E0%B8%A3%E0%B8%B1%E0%B8%A7%E0%B8%95%E0%B9%89%E0%B8%99%E0%B9%84%E0%B8%A1%E0%B9%89-%E0%B8%AD%E0%B8%AD%E0%B8%99%E0%B9%83%E0%B8%95%E0%B9%89
JoKo Boutique Bakery,https://www.wongnai.com/restaurants/781686Xs-joko-boutique-bakery
PANINI & CO,https://www.wongnai.com/restaurants/2169016kt-panini-co
พายหลังมอ,https://www.wongnai.com/restaurants/419427sf-%E0%B8%9E%E0%B8%B2%E0%B8%A2%E0%B8%AB%E0%B8%A5%E0%B8%B1%E0%B8%87%E0%B8%A1%E0%B8%AD
THE FOREST FRIENDS CHIANGMAI,https://www.wongnai.com/restaurants/415396Bu-the-forest-friends-chiangmai
On cloud nine - A sky full of desserts,https://www.wongnai.com/restaurants/295605Yk-on-cloud-nine-a-sky-full-of-desserts
LIGHT UP CAFE @ Nimman,https://www.wongnai.com/restaurants/403669DO-light-up-cafe-nimman-nimman
Cup Fine Day Coffee & Cuisine,https://www.wongnai.com/restaurants/147989fJ-cup-fine-day-coffee-cuisine-%E0%B9%80%E0%B8%A1%E0%B8%B7%E0%B8%AD%E0%B8%87%E0%B9%80%E0%B8%8A%E0%B8%B5%E0%B8%A2%E0%B8%87%E0%B9%83%E0%B8%AB%E0%B8%A1%E0%B9%88
Yufuku Dessert Cafe ร้านยูฟูกุ คาเฟ่,https://www.wongnai.com/restaurants/403406Iz-yufuku-dessert-cafe-%E0%B8%A3%E0%B9%89%E0%B8%B2%E0%B8%99%E0%B8%A2%E0%B8%B9%E0%B8%9F%E0%B8%B9%E0%B8%81%E0%B8%B8-%E0%B8%84%E0%B8%B2%E0%B9%80%E0%B8%9F%E0%B9%88
ปัง.อ๊ะ.ป่าว...?,https://www.wongnai.com/restaurants/56767AH-%E0%B8%9B%E0%B8%B1%E0%B8%87-%E0%B8%AD%E0%B9%8A%E0%B8%B0-%E0%B8%9B%E0%B9%88%E0%B8%B2%E0%B8%A7-%E0%B9%80%E0%B8%8A%E0%B8%B5%E0%B8%A2%E0%B8%87%E0%B9%83%E0%B8%AB%E0%B8%A1%E0%B9%88
TARAKO,https://www.wongnai.com/restaurants/1227239gv-tarako
Melty homemade bakery,https://www.wongnai.com/restaurants/1576361yH-melty-homemade-bakery
Ma Chill Dee Chiang Mai,https://www.wongnai.com/restaurants/399479WH-ma-chill-dee-chiang-mai
สันใต้คาเฟ่ Santai Cafe,https://www.wongnai.com/restaurants/1766317vk-%E0%B8%AA%E0%B8%B1%E0%B8%99%E0%B9%83%E0%B8%95%E0%B9%89%E0%B8%84%E0%B8%B2%E0%B9%80%E0%B8%9F%E0%B9%88-santai-cafe-%E0%B8%AA%E0%B8%B1%E0%B8%99%E0%B8%81%E0%B8%B3%E0%B9%81%E0%B8%9E%E0%B8%87
Around The World Cafe : Chapter One,https://www.wongnai.com/restaurants/256849mO-around-the-world-cafe-chapter-one-%E0%B8%AB%E0%B8%A1%E0%B8%B9%E0%B9%88%E0%B8%9A%E0%B9%89%E0%B8%B2%E0%B8%99%E0%B8%A8%E0%B8%A3%E0%B8%B5%E0%B8%87%E0%B8%B2%E0%B8%A1
Ruammitr cafe,https://www.wongnai.com/restaurants/ruammitr-cafe
Eat Me,https://www.wongnai.com/restaurants/1916385Vo-eat-me
โดนัทวนิษศา,https://www.wongnai.com/restaurants/975977Xo-%E0%B9%82%E0%B8%94%E0%B8%99%E0%B8%B1%E0%B8%97%E0%B8%A7%E0%B8%99%E0%B8%B4%E0%B8%A9%E0%B8%A8%E0%B8%B2-%E0%B8%AA%E0%B8%B2%E0%B8%82%E0%B8%B2-%E0%B8%9A%E0%B8%B4%E0%B9%8A%E0%B8%81%E0%B8%8B%E0%B8%B5%E0%B8%94%E0%B8%AD%E0%B8%99%E0%B8%88%E0%B8%B1%E0%B9%88%E0%B8%99
Croffle House (ครัวซองต์เนยแท้จากฝรั่งเศส กรอบนอก นุ่มใน ไม่เลี่ยน),https://www.wongnai.com/restaurants/1819038aL-croffle-house-%E0%B8%84%E0%B8%A3%E0%B8%B1%E0%B8%A7%E0%B8%8B%E0%B8%AD%E0%B8%87%E0%B8%95%E0%B9%8C%E0%B9%80%E0%B8%99%E0%B8%A2%E0%B9%81%E0%B8%97%E0%B9%89%E0%B8%88%E0%B8%B2%E0%B8%81%E0%B8%9D%E0%B8%A3%E0%B8%B1%E0%B9%88%E0%B8%87%E0%B9%80%E0%B8%A8%E0%B8%AA-%E0%B8%81%E0%B8%A3%E0%B8%AD%E0%B8%9A%E0%B8%99%E0%B8%AD%E0%B8%81-%E0%B8%99%E0%B8%B8%E0%B9%88%E0%B8%A1%E0%B9%83%E0%B8%99-%E0%B9%84%E0%B8%A1%E0%B9%88%E0%B9%80%E0%B8%A5%E0%B8%B5%E0%B9%88%E0%B8%A2%E0%B8%99
Khum Kafe',https://www.wongnai.com/restaurants/222456WC-khum-kafe
The Donut Cafe And Delivery,https://www.wongnai.com/restaurants/449802UZ-the-donut-cafe-and-delivery
ผึ้งน้อย เบเกอรี่,https://www.wongnai.com/restaurants/135854Ru-%E0%B8%9C%E0%B8%B6%E0%B9%89%E0%B8%87%E0%B8%99%E0%B9%89%E0%B8%AD%E0%B8%A2-%E0%B9%80%E0%B8%9A%E0%B9%80%E0%B8%81%E0%B8%AD%E0%B8%A3%E0%B8%B5%E0%B9%88-%E0%B8%AB%E0%B8%A5%E0%B8%B1%E0%B8%87-%E0%B8%A1%E0%B8%8A
ปางแฟนรีสอร์ท,https://www.wongnai.com/restaurants/40911Qg-%E0%B8%9B%E0%B8%B2%E0%B8%87%E0%B9%81%E0%B8%9F%E0%B8%99%E0%B8%A3%E0%B8%B5%E0%B8%AA%E0%B8%AD%E0%B8%A3%E0%B9%8C%E0%B8%97
Prime Coffee,https://www.wongnai.com/restaurants/680185hr-prime-coffee
ดำเนินสะดวก,https://www.wongnai.com/restaurants/97828oj-%E0%B8%94%E0%B8%B3%E0%B9%80%E0%B8%99%E0%B8%B4%E0%B8%99%E0%B8%AA%E0%B8%B0%E0%B8%94%E0%B8%A7%E0%B8%81
S-Press Shop By Shangri-La Chiang Mai,https://www.wongnai.com/restaurants/1576944Lh-s-press-shop-by-shangri-la-chiang-mai-%E0%B9%80%E0%B8%8B%E0%B8%99%E0%B8%97%E0%B8%A3%E0%B8%B1%E0%B8%A5%E0%B9%80%E0%B8%9F%E0%B8%AA%E0%B8%95%E0%B8%B4%E0%B8%A7%E0%B8%B1%E0%B8%A5-%E0%B9%80%E0%B8%8A%E0%B8%B5%E0%B8%A2%E0%B8%87%E0%B9%83%E0%B8%AB%E0%B8%A1%E0%B9%88
Grow Playground,https://www.wongnai.com/restaurants/721712yk-grow-playground
Butter Is Butter Too,https://www.wongnai.com/restaurants/622107rx-butter-is-butter-too
PaulPete Cafe,https://www.wongnai.com/restaurants/570988vQ-paulpete-cafe-%E0%B8%AB%E0%B8%B2%E0%B8%87%E0%B8%94%E0%B8%87
Star Coffee,https://www.wongnai.com/restaurants/2321720rm-star-coffee-%E0%B9%82%E0%B8%A3%E0%B8%87%E0%B8%9E%E0%B8%A2%E0%B8%B2%E0%B8%9A%E0%B8%B2%E0%B8%A5%E0%B8%AA%E0%B8%B1%E0%B8%99%E0%B8%9B%E0%B9%88%E0%B8%B2%E0%B8%95%E0%B8%AD%E0%B8%87
Love Earth Coffee Roastery.,https://www.wongnai.com/restaurants/501700CM-love-earth-coffee-roastery
Nathi Cottage - นทีคอทเทจ,https://www.wongnai.com/restaurants/494799Lp-nathi-cottage-%E0%B8%99%E0%B8%97%E0%B8%B5%E0%B8%84%E0%B8%AD%E0%B8%97%E0%B9%80%E0%B8%97%E0%B8%88
Sweet on Earth,https://www.wongnai.com/restaurants/301776gg-sweet-on-earth-%E0%B8%AA%E0%B8%B1%E0%B8%99%E0%B8%99%E0%B8%B2%E0%B9%80%E0%B8%A1%E0%B9%87%E0%B8%87
April’s Bakery,https://www.wongnai.com/restaurants/141561pX-april-s-bakery-%E0%B9%80%E0%B8%8B%E0%B9%87%E0%B8%99%E0%B8%97%E0%B8%A3%E0%B8%B1%E0%B8%A5%E0%B9%80%E0%B8%9F%E0%B8%AA%E0%B8%95%E0%B8%B4%E0%B8%A7%E0%B8%B1%E0%B8%A5%E0%B9%80%E0%B8%8A%E0%B8%B5%E0%B8%A2%E0%B8%87%E0%B9%83%E0%B8%AB%E0%B8%A1%E0%B9%88
COFFEE WAFคอฟฟี่วอฟ (Coffee-Waffle-Salad),https://www.wongnai.com/restaurants/636303qU-coffee-waf%E0%B8%84%E0%B8%AD%E0%B8%9F%E0%B8%9F%E0%B8%B5%E0%B9%88%E0%B8%A7%E0%B8%AD%E0%B8%9F-coffee-waffle-salad
Jario Coffee,https://www.wongnai.com/restaurants/jariocoffee
กาแฟโอชา,https://www.wongnai.com/restaurants/420342yW-%E0%B8%81%E0%B8%B2%E0%B9%81%E0%B8%9F%E0%B9%82%E0%B8%AD%E0%B8%8A%E0%B8%B2-%E0%B8%AA%E0%B8%A0-%E0%B8%8A%E0%B9%89%E0%B8%B2%E0%B8%87%E0%B9%80%E0%B8%9C%E0%B8%B7%E0%B8%AD%E0%B8%81%E0%B9%80%E0%B8%8A%E0%B8%B5%E0%B8%A2%E0%B8%87%E0%B9%83%E0%B8%AB%E0%B8%A1%E0%B9%88
มิส โดนัท,https://www.wongnai.com/restaurants/308490vX-%E0%B8%A1%E0%B8%B4%E0%B8%AA-%E0%B9%82%E0%B8%94%E0%B8%99%E0%B8%B1%E0%B8%97-%E0%B8%AA%E0%B8%B1%E0%B8%99%E0%B8%9B%E0%B9%88%E0%B8%B2%E0%B8%95%E0%B8%AD%E0%B8%87
The Thamel Coffee Shop,https://www.wongnai.com/restaurants/148160RG-the-thamel-coffee-shop
Crusty Loaf Bakery,https://www.wongnai.com/restaurants/259020cq-crusty-loaf-bakery
กาแฟในสวนบ้านงามแสงเดือน,https://www.wongnai.com/restaurants/217467Hf-%E0%B8%81%E0%B8%B2%E0%B9%81%E0%B8%9F%E0%B9%83%E0%B8%99%E0%B8%AA%E0%B8%A7%E0%B8%99%E0%B8%9A%E0%B9%89%E0%B8%B2%E0%B8%99%E0%B8%87%E0%B8%B2%E0%B8%A1%E0%B9%81%E0%B8%AA%E0%B8%87%E0%B9%80%E0%B8%94%E0%B8%B7%E0%B8%AD%E0%B8%99
Granny’s Farm,https://www.wongnai.com/restaurants/674633ur-granny-s-farm
อยากกาแฟ,https://www.wongnai.com/restaurants/229423VD-%E0%B8%AD%E0%B8%A2%E0%B8%B2%E0%B8%81%E0%B8%81%E0%B8%B2%E0%B9%81%E0%B8%9F-%E0%B8%AA%E0%B8%B1%E0%B8%99%E0%B8%81%E0%B8%B3%E0%B9%81%E0%B8%9E%E0%B8%87-%E0%B8%AB%E0%B8%99%E0%B8%AD%E0%B8%87%E0%B8%9E%E0%B8%8D%E0%B8%B2%E0%B8%9E%E0%B8%A3%E0%B8%AB%E0%B8%A1
ปังถังทอง@ท่าแพ,https://www.wongnai.com/restaurants/607501Wm-%E0%B8%9B%E0%B8%B1%E0%B8%87%E0%B8%96%E0%B8%B1%E0%B8%87%E0%B8%97%E0%B8%AD%E0%B8%87-%E0%B8%97%E0%B9%88%E0%B8%B2%E0%B9%81%E0%B8%9E
Workshop Coffee Space & CatHouse,https://www.wongnai.com/restaurants/220389Ah-workshop-coffee-space-cathouse
POLY COFFEE (โพลี่ คอฟฟี่) - นิมมานเหมินทร์,https://www.wongnai.com/restaurants/488742OF-poly-coffee-%E0%B9%82%E0%B8%9E%E0%B8%A5%E0%B8%B5%E0%B9%88-%E0%B8%84%E0%B8%AD%E0%B8%9F%E0%B8%9F%E0%B8%B5%E0%B9%88-%E0%B8%99%E0%B8%B4%E0%B8%A1%E0%B8%A1%E0%B8%B2%E0%B8%99%E0%B9%80%E0%B8%AB%E0%B8%A1%E0%B8%B4%E0%B8%99%E0%B8%97%E0%B8%A3%E0%B9%8C
Mae Ying bakery,https://www.wongnai.com/restaurants/925936BC-mae-ying-bakery
เมิงระมิงค์,https://www.wongnai.com/restaurants/229328Fl-%E0%B9%80%E0%B8%A1%E0%B8%B4%E0%B8%87%E0%B8%A3%E0%B8%B0%E0%B8%A1%E0%B8%B4%E0%B8%87%E0%B8%84%E0%B9%8C
Jaiboon Cafe',https://www.wongnai.com/restaurants/423156TF-jaiboon-cafe
Peanut.Patter Cafe',https://www.wongnai.com/restaurants/822358Gz-peanut-patter-cafe
ครอฟเฟิล’B (MiNi CrOuFFe’B),https://www.wongnai.com/restaurants/912568Zt-%E0%B8%84%E0%B8%A3%E0%B8%AD%E0%B8%9F%E0%B9%80%E0%B8%9F%E0%B8%B4%E0%B8%A5-b-mini-crouffe-b
Bullfrog Coffee Roaster,https://www.wongnai.com/restaurants/1575620hZ-bullfrog-coffee-roaster
Bay's Café,https://www.wongnai.com/restaurants/157597Ao-bay-s-caf%C3%A9
Unique kafe',https://www.wongnai.com/restaurants/679388yL-unique-kafe-%E0%B8%97%E0%B8%B8%E0%B9%88%E0%B8%87%E0%B9%82%E0%B8%AE%E0%B9%80%E0%B8%95%E0%B9%87%E0%B8%A5
หอมปากหอมคอ,https://www.wongnai.com/restaurants/375436HP-%E0%B8%AB%E0%B8%AD%E0%B8%A1%E0%B8%9B%E0%B8%B2%E0%B8%81%E0%B8%AB%E0%B8%AD%E0%B8%A1%E0%B8%84%E0%B8%AD-%E0%B8%AA%E0%B8%B1%E0%B8%99%E0%B8%9C%E0%B8%B5%E0%B9%80%E0%B8%AA%E0%B8%B7%E0%B9%89%E0%B8%AD
Roastniyom,https://www.wongnai.com/restaurants/860095RG-roastniyom-%E0%B9%80%E0%B8%8A%E0%B8%B5%E0%B8%A2%E0%B8%87%E0%B9%83%E0%B8%AB%E0%B8%A1%E0%B9%88%E0%B9%84%E0%B8%94%E0%B9%80%E0%B8%A3%E0%B9%87%E0%B8%81-%E0%B8%AB%E0%B8%A5%E0%B8%B1%E0%B8%87-%E0%B8%A1%E0%B8%8A
Bread Brasseries,https://www.wongnai.com/restaurants/11731YB-bread-brasseries
ขนมครกไส้ทะลัก,https://www.wongnai.com/restaurants/618098Pv-%E0%B8%82%E0%B8%99%E0%B8%A1%E0%B8%84%E0%B8%A3%E0%B8%81%E0%B9%84%E0%B8%AA%E0%B9%89%E0%B8%97%E0%B8%B0%E0%B8%A5%E0%B8%B1%E0%B8%81-%E0%B8%81%E0%B8%B2%E0%B8%94%E0%B8%AB%E0%B8%99%E0%B9%89%E0%B8%B2%E0%B8%A1%E0%B8%AD-%E0%B8%A2%E0%B9%89%E0%B8%B2%E0%B8%A2%E0%B8%A1%E0%B8%B2%E0%B9%81%E0%B8%96%E0%B8%A7%E0%B8%A3%E0%B8%B2%E0%B8%8A%E0%B8%A0%E0%B8%B1%E0%B8%8F-%E0%B8%8B-%E0%B8%95%E0%B8%A3%E0%B8%87%E0%B8%82%E0%B9%89%E0%B8%B2%E0%B8%A1%E0%B8%A7%E0%B8%B1%E0%B8%94%E0%B8%81%E0%B8%B9%E0%B9%88%E0%B9%80%E0%B8%95%E0%B9%89%E0%B8%B2
Cupper,https://www.wongnai.com/restaurants/346610cz-cupper
Rock & Loft Cafe,https://www.wongnai.com/restaurants/310942aM-rock-loft-cafe
Sweet Garden,https://www.wongnai.com/restaurants/96348iV-sweet-garden
WAKO BAKE OLD TOWN CHIANGMAI,https://www.wongnai.com/restaurants/437321bd-wako-bake-old-town-chiangmai-old-town-chiangmai
Buzz Getta Buzz! Specialty coffee,https://www.wongnai.com/restaurants/437333FE-buzz-getta-buzz-specialty-coffee-%E0%B8%AA%E0%B8%B2%E0%B8%A3%E0%B8%A0%E0%B8%B5
Eat Eat,https://www.wongnai.com/restaurants/368171Pm-eat-eat
Princess Cheesecake,https://www.wongnai.com/restaurants/417370GL-princess-cheesecake-%E0%B9%80%E0%B8%8B%E0%B9%87%E0%B8%99%E0%B8%97%E0%B8%A3%E0%B8%B1%E0%B8%A5-%E0%B9%81%E0%B8%AD%E0%B8%A3%E0%B9%8C%E0%B8%9E%E0%B8%AD%E0%B8%A3%E0%B9%8C%E0%B8%95
Blue Café by coffee blue,https://www.wongnai.com/restaurants/135217kH-blue-caf%C3%A9-by-coffee-blue-%E0%B9%81%E0%B8%A1%E0%B9%88%E0%B8%A3%E0%B8%B4%E0%B8%A1
เครปตายาย,https://www.wongnai.com/restaurants/2059938mV-%E0%B9%80%E0%B8%84%E0%B8%A3%E0%B8%9B%E0%B8%95%E0%B8%B2%E0%B8%A2%E0%B8%B2%E0%B8%A2-%E0%B8%AA%E0%B8%A7%E0%B8%99%E0%B8%AA%E0%B8%B1%E0%B8%95%E0%B8%A7%E0%B9%8C%E0%B9%80%E0%B8%8A%E0%B8%B5%E0%B8%A2%E0%B8%87%E0%B9%83%E0%B8%AB%E0%B8%A1%E0%B9%88
Wawee Coffee,https://www.wongnai.com/restaurants/274949xl-wawee-coffee-%E0%B8%AA%E0%B8%99%E0%B8%B2%E0%B8%A1%E0%B8%9A%E0%B8%B4%E0%B8%99%E0%B9%80%E0%B8%8A%E0%B8%B5%E0%B8%A2%E0%B8%87%E0%B9%83%E0%B8%AB%E0%B8%A1%E0%B9%88
Araksa Cafe,https://www.wongnai.com/restaurants/349623Aa-araksa-cafe
Ginger Farm,https://www.wongnai.com/restaurants/260699SY-ginger-farm-%E0%B8%AA%E0%B8%B2%E0%B8%A3%E0%B8%A0%E0%B8%B5
Fall In Cake,https://www.wongnai.com/restaurants/632190qu-fall-in-cake
Lovin' Sweets,https://www.wongnai.com/restaurants/lovingsweets
สหายกาแฟ,https://www.wongnai.com/restaurants/700292eF-%E0%B8%AA%E0%B8%AB%E0%B8%B2%E0%B8%A2%E0%B8%81%E0%B8%B2%E0%B9%81%E0%B8%9F-%E0%B8%AB%E0%B8%99%E0%B8%AD%E0%B8%87%E0%B8%AB%E0%B8%AD%E0%B8%A2
Frosé Yogurt Café,https://www.wongnai.com/restaurants/291725qU-fros%C3%A9-yogurt-caf%C3%A9
Forte Coffee - ฟอร์เต้ คอฟฟี่ เชียงใหม่,https://www.wongnai.com/restaurants/379503es-forte-coffee-%E0%B8%9F%E0%B8%AD%E0%B8%A3%E0%B9%8C%E0%B9%80%E0%B8%95%E0%B9%89-%E0%B8%84%E0%B8%AD%E0%B8%9F%E0%B8%9F%E0%B8%B5%E0%B9%88-%E0%B9%80%E0%B8%8A%E0%B8%B5%E0%B8%A2%E0%B8%87%E0%B9%83%E0%B8%AB%E0%B8%A1%E0%B9%88
Lush Cafe ＆Garden,https://www.wongnai.com/restaurants/494502MY-lush-cafe-garden
GOOD STAND CAFE,https://www.wongnai.com/restaurants/1633718eQ-good-stand-cafe-open-house
เมเปิ้ล,https://www.wongnai.com/restaurants/56779mS-%E0%B9%80%E0%B8%A1%E0%B9%80%E0%B8%9B%E0%B8%B4%E0%B9%89%E0%B8%A5
iloaf.you,https://www.wongnai.com/restaurants/841754Xh-iloaf-you
168 COFFEE AT CHIANG MAI,https://www.wongnai.com/restaurants/303905TT-168-coffee-at-chiang-mai
Chasen,https://www.wongnai.com/restaurants/651344mn-chasen
กาแฟรสนิยม,https://www.wongnai.com/restaurants/211343EE-%E0%B8%81%E0%B8%B2%E0%B9%81%E0%B8%9F%E0%B8%A3%E0%B8%AA%E0%B8%99%E0%B8%B4%E0%B8%A2%E0%B8%A1-chiang-mai-business-park
Daily Bread,https://www.wongnai.com/restaurants/1877982dZ-daily-bread
ดาวอังคาร x กระหรี่หมี่เตี๋ยว MA MARS cafe ,https://www.wongnai.com/restaurants/493747Ke-%E0%B8%94%E0%B8%B2%E0%B8%A7%E0%B8%AD%E0%B8%B1%E0%B8%87%E0%B8%84%E0%B8%B2%E0%B8%A3-x-%E0%B8%81%E0%B8%A3%E0%B8%B0%E0%B8%AB%E0%B8%A3%E0%B8%B5%E0%B9%88%E0%B8%AB%E0%B8%A1%E0%B8%B5%E0%B9%88%E0%B9%80%E0%B8%95%E0%B8%B5%E0%B9%8B%E0%B8%A2%E0%B8%A7-ma-mars-cafe
ไร่ขิงขนมครกสิงคโปร์ใบเตยหอม,https://www.wongnai.com/restaurants/617953VA-%E0%B9%84%E0%B8%A3%E0%B9%88%E0%B8%82%E0%B8%B4%E0%B8%87%E0%B8%82%E0%B8%99%E0%B8%A1%E0%B8%84%E0%B8%A3%E0%B8%81%E0%B8%AA%E0%B8%B4%E0%B8%87%E0%B8%84%E0%B9%82%E0%B8%9B%E0%B8%A3%E0%B9%8C%E0%B9%83%E0%B8%9A%E0%B9%80%E0%B8%95%E0%B8%A2%E0%B8%AB%E0%B8%AD%E0%B8%A1
